user_id,premium_expires_at,is_churned,Player_Dwn,Player_DwnS,app_backgrounded,app_foregrounded,daily_predection_viewed,daily_prediction_expand_clicked,day_clicked,long_meditation_track_selected,open_HomeScreen,open_SplashScreen,churn_probability
34756,2025-12-30 00:10:33+00:00,1,0.0,0.0,0.0,0.0,0.0,0.0,0.0,0.0,0.0,0.0,0.46106157809485365
129,2026-12-02 23:59:59.999999+00:00,0,0.0,0.0,0.0,0.0,0.0,0.0,0.0,0.0,0.0,0.0,0.46106157809485365
618,2026-01-03 06:38:48+00:00,1,0.0,0.0,0.0,0.0,0.0,0.0,0.0,0.0,0.0,0.0,0.46106157809485365
61,2029-06-25 23:59:59.999999+00:00,0,0.0,0.0,0.0,0.0,0.0,0.0,0.0,0.0,0.0,0.0,0.46106157809485365
3044,2026-06-18 18:10:08.914000+00:00,0,0.0,0.0,0.0,0.0,0.0,0.0,0.0,0.0,0.0,0.0,0.46106157809485365
912,2026-01-02 10:23:26+00:00,1,0.0,0.0,0.0,0.0,0.0,0.0,0.0,0.0,0.0,0.0,0.46106157809485365
466,2026-05-31 08:33:14+00:00,0,0.0,0.0,0.0,0.0,0.0,0.0,0.0,0.0,0.0,0.0,0.46106157809485365
673,2026-01-02 09:10:54+00:00,1,0.0,0.0,0.0,0.0,0.0,0.0,0.0,0.0,0.0,0.0,0.46106157809485365
1486,2025-12-27 18:31:41+00:00,1,0.0,0.0,0.0,0.0,0.0,0.0,0.0,0.0,0.0,0.0,0.46106157809485365
371,2026-01-09 15:18:16+00:00,0,0.0,0.0,0.0,0.0,0.0,0.0,0.0,0.0,0.0,0.0,0.46106157809485365
5417,2025-12-26 19:05:46+00:00,1,0.0,0.0,1.0,0.0,0.0,0.0,0.0,0.0,0.0,1.0,0.8565648211908699
5684,2025-12-13 04:24:25+00:00,1,0.0,0.0,0.0,0.0,0.0,0.0,0.0,0.0,0.0,0.0,0.46106157809485365
626,2026-09-08 03:44:41+00:00,0,0.0,0.0,0.0,0.0,0.0,0.0,0.0,0.0,0.0,0.0,0.46106157809485365
143141,2026-01-07 05:28:52+00:00,1,0.0,0.0,0.0,0.0,0.0,0.0,0.0,0.0,0.0,0.0,0.46106157809485365
6152,2025-12-21 05:32:56+00:00,1,0.0,0.0,0.0,0.0,0.0,0.0,0.0,0.0,0.0,0.0,0.46106157809485365
364,2025-12-16 17:37:10+00:00,1,0.0,0.0,0.0,0.0,0.0,0.0,0.0,0.0,0.0,0.0,0.46106157809485365
75,2025-12-23 15:45:32+00:00,1,0.0,0.0,0.0,0.0,0.0,0.0,0.0,0.0,0.0,0.0,0.46106157809485365
6269,2025-12-26 10:47:27+00:00,1,0.0,0.0,0.0,0.0,0.0,0.0,0.0,0.0,0.0,0.0,0.46106157809485365
6158,2026-05-23 15:28:35+00:00,0,0.0,0.0,0.0,0.0,0.0,0.0,0.0,0.0,0.0,0.0,0.46106157809485365
6100,2026-07-31 23:59:59.999999+00:00,0,0.0,0.0,0.0,0.0,0.0,0.0,0.0,0.0,0.0,0.0,0.46106157809485365
6616,2025-12-23 17:38:32+00:00,1,0.0,0.0,0.0,0.0,0.0,0.0,0.0,0.0,0.0,0.0,0.46106157809485365
6627,2026-01-01 05:52:31+00:00,1,0.0,0.0,0.0,0.0,0.0,0.0,0.0,0.0,0.0,0.0,0.46106157809485365
6674,2025-12-31 23:59:59.999999+00:00,1,0.0,0.0,0.0,0.0,0.0,0.0,0.0,0.0,0.0,0.0,0.46106157809485365
248,2026-07-15 23:59:59.999999+00:00,0,0.0,0.0,0.0,0.0,0.0,0.0,0.0,0.0,0.0,0.0,0.46106157809485365
6840,2025-12-25 10:30:24+00:00,1,0.0,0.0,0.0,0.0,0.0,0.0,0.0,0.0,0.0,0.0,0.46106157809485365
6828,2026-03-14 21:49:13+00:00,0,0.0,0.0,0.0,0.0,0.0,0.0,0.0,0.0,0.0,0.0,0.46106157809485365
7102,2026-01-11 20:03:16.502000+00:00,0,0.0,0.0,0.0,0.0,0.0,0.0,0.0,0.0,0.0,0.0,0.46106157809485365
7455,2026-01-03 21:20:15.885000+00:00,1,0.0,0.0,0.0,0.0,0.0,0.0,0.0,0.0,0.0,0.0,0.46106157809485365
7878,2026-09-24 22:14:39+00:00,0,0.0,0.0,0.0,0.0,0.0,0.0,0.0,0.0,0.0,0.0,0.46106157809485365
137169,2026-03-15 19:39:37+00:00,0,0.0,0.0,0.0,0.0,0.0,0.0,0.0,0.0,0.0,0.0,0.46106157809485365
7882,2026-07-09 23:59:59.999999+00:00,0,0.0,0.0,0.0,0.0,0.0,0.0,0.0,0.0,0.0,0.0,0.46106157809485365
61,2029-06-25 23:59:59.999999+00:00,0,0.0,0.0,0.0,0.0,0.0,0.0,0.0,0.0,0.0,0.0,0.46106157809485365
8894,2026-01-06 02:13:37+00:00,1,0.0,0.0,0.0,0.0,0.0,0.0,0.0,0.0,0.0,0.0,0.46106157809485365
2166,2025-12-20 20:50:36+00:00,1,0.0,0.0,2.0,1.0,2.0,2.0,0.0,0.0,2.0,1.0,0.9937484836580097
6231,2026-06-30 10:08:20+00:00,0,0.0,0.0,0.0,0.0,0.0,0.0,0.0,0.0,0.0,0.0,0.46106157809485365
9355,2026-01-04 17:03:30+00:00,1,0.0,0.0,0.0,0.0,0.0,0.0,0.0,0.0,0.0,0.0,0.46106157809485365
9432,2025-12-28 12:59:19+00:00,1,0.0,0.0,0.0,0.0,0.0,0.0,0.0,0.0,0.0,0.0,0.46106157809485365
9608,2025-12-30 00:55:22+00:00,1,0.0,0.0,0.0,0.0,0.0,0.0,0.0,0.0,0.0,0.0,0.46106157809485365
9155,2025-12-13 04:43:04+00:00,1,0.0,0.0,0.0,0.0,0.0,0.0,0.0,0.0,0.0,0.0,0.46106157809485365
146098,2026-08-03 23:59:59.999999+00:00,0,0.0,0.0,0.0,0.0,0.0,0.0,0.0,0.0,0.0,0.0,0.46106157809485365
8800,2026-08-05 17:04:09+00:00,0,0.0,0.0,0.0,0.0,0.0,0.0,0.0,0.0,0.0,0.0,0.46106157809485365
10993,2026-01-10 13:43:15+00:00,0,0.0,0.0,0.0,0.0,0.0,0.0,0.0,0.0,0.0,0.0,0.46106157809485365
11089,2025-12-16 13:42:32+00:00,1,0.0,0.0,0.0,3.0,2.0,1.0,0.0,0.0,3.0,2.0,0.997531179359451
11068,2026-08-03 23:59:59.999999+00:00,0,0.0,0.0,0.0,0.0,0.0,0.0,0.0,0.0,0.0,0.0,0.46106157809485365
134113,2026-05-03 19:43:39+00:00,0,0.0,0.0,0.0,0.0,0.0,0.0,0.0,0.0,0.0,0.0,0.46106157809485365
11300,2025-12-31 05:22:07+00:00,1,0.0,0.0,0.0,0.0,0.0,0.0,0.0,0.0,0.0,0.0,0.46106157809485365
4286,2026-09-15 18:46:53+00:00,0,0.0,0.0,0.0,0.0,0.0,0.0,0.0,0.0,0.0,0.0,0.46106157809485365
11775,2026-09-24 22:14:39+00:00,0,0.0,0.0,0.0,0.0,0.0,0.0,0.0,0.0,0.0,0.0,0.46106157809485365
11842,2026-01-11 02:47:10+00:00,0,0.0,0.0,0.0,0.0,0.0,0.0,0.0,0.0,0.0,0.0,0.46106157809485365
12100,2025-12-24 21:09:24+00:00,1,0.0,0.0,0.0,0.0,0.0,0.0,0.0,0.0,0.0,0.0,0.46106157809485365
12483,2025-12-21 12:41:20+00:00,1,0.0,0.0,0.0,0.0,0.0,0.0,0.0,0.0,0.0,0.0,0.46106157809485365
11428,2026-09-30 23:28:33+00:00,0,0.0,0.0,0.0,0.0,0.0,0.0,0.0,0.0,0.0,0.0,0.46106157809485365
12437,2026-06-25 12:33:37+00:00,0,0.0,0.0,0.0,0.0,0.0,0.0,0.0,0.0,0.0,0.0,0.46106157809485365
62894,2026-08-29 04:28:47+00:00,0,0.0,0.0,0.0,0.0,0.0,0.0,0.0,0.0,0.0,0.0,0.46106157809485365
13090,2026-10-11 04:42:14+00:00,0,0.0,0.0,0.0,0.0,0.0,0.0,0.0,0.0,0.0,0.0,0.46106157809485365
12812,2026-04-20 13:41:26+00:00,0,0.0,0.0,0.0,0.0,0.0,0.0,0.0,0.0,0.0,0.0,0.46106157809485365
13915,2026-01-10 16:20:34+00:00,0,0.0,0.0,0.0,0.0,0.0,0.0,0.0,0.0,0.0,0.0,0.46106157809485365
13970,2026-08-23 18:42:33+00:00,0,0.0,0.0,0.0,0.0,0.0,0.0,0.0,0.0,0.0,0.0,0.46106157809485365
16507,2026-10-30 21:04:12+00:00,0,0.0,0.0,0.0,0.0,0.0,0.0,0.0,0.0,0.0,0.0,0.46106157809485365
1336,2025-12-28 23:32:18+00:00,1,0.0,0.0,0.0,0.0,0.0,0.0,0.0,0.0,0.0,0.0,0.46106157809485365
16644,2026-10-20 18:36:17+00:00,0,0.0,0.0,0.0,0.0,0.0,0.0,0.0,0.0,0.0,0.0,0.46106157809485365
18386,2026-04-06 15:00:00+00:00,0,0.0,0.0,0.0,0.0,0.0,0.0,0.0,0.0,0.0,0.0,0.46106157809485365
17208,2025-12-28 19:54:40+00:00,1,0.0,0.0,0.0,0.0,0.0,0.0,0.0,0.0,0.0,0.0,0.46106157809485365
18476,2026-06-06 15:27:52+00:00,0,0.0,0.0,0.0,0.0,0.0,0.0,0.0,0.0,0.0,0.0,0.46106157809485365
18489,2026-07-31 23:59:59.999999+00:00,0,0.0,0.0,0.0,0.0,0.0,0.0,0.0,0.0,0.0,0.0,0.46106157809485365
18652,2026-04-06 16:24:13+00:00,0,0.0,0.0,0.0,0.0,0.0,0.0,0.0,0.0,0.0,0.0,0.46106157809485365
18668,2026-09-21 12:06:24+00:00,0,0.0,0.0,0.0,0.0,0.0,0.0,0.0,0.0,0.0,0.0,0.46106157809485365
18103,2026-01-03 14:16:56+00:00,1,0.0,0.0,0.0,0.0,0.0,0.0,0.0,0.0,0.0,0.0,0.46106157809485365
18839,2025-12-18 09:06:27+00:00,1,3.0,3.0,1.0,0.0,0.0,0.0,0.0,0.0,1.0,1.0,0.9799558430376011
19176,2026-01-11 19:03:57+00:00,0,0.0,0.0,0.0,0.0,0.0,0.0,0.0,0.0,0.0,0.0,0.46106157809485365
19288,2026-11-08 11:10:07+00:00,0,0.0,0.0,0.0,0.0,0.0,0.0,0.0,0.0,0.0,0.0,0.46106157809485365
19458,2025-12-23 00:26:46+00:00,1,0.0,0.0,0.0,0.0,0.0,0.0,0.0,0.0,0.0,0.0,0.46106157809485365
18894,2025-12-16 02:55:06+00:00,1,0.0,0.0,1.0,0.0,2.0,1.0,0.0,0.0,2.0,1.0,0.9799565364391672
19665,2026-05-06 21:22:46+00:00,0,0.0,0.0,0.0,0.0,0.0,0.0,0.0,0.0,0.0,0.0,0.46106157809485365
19562,2025-12-17 13:25:55+00:00,1,0.0,0.0,0.0,0.0,0.0,0.0,0.0,0.0,0.0,0.0,0.46106157809485365
20157,2025-12-18 05:29:52+00:00,1,0.0,0.0,0.0,0.0,0.0,0.0,0.0,0.0,0.0,0.0,0.46106157809485365
21049,2026-04-26 00:25:09+00:00,0,0.0,0.0,0.0,0.0,0.0,0.0,0.0,0.0,0.0,0.0,0.46106157809485365
62548,2026-01-11 12:21:43+00:00,0,0.0,0.0,0.0,0.0,0.0,0.0,0.0,0.0,0.0,0.0,0.46106157809485365
20601,2025-12-27 21:24:35+00:00,1,0.0,0.0,0.0,0.0,0.0,0.0,0.0,0.0,0.0,0.0,0.46106157809485365
153433,2026-01-02 09:12:22+00:00,1,0.0,0.0,0.0,0.0,0.0,0.0,0.0,0.0,0.0,0.0,0.46106157809485365
19703,2026-01-01 17:12:50+00:00,1,0.0,0.0,0.0,0.0,0.0,0.0,0.0,0.0,0.0,0.0,0.46106157809485365
11283,2025-12-21 11:14:16+00:00,1,0.0,0.0,0.0,0.0,0.0,0.0,0.0,0.0,0.0,0.0,0.46106157809485365
22679,2026-08-15 15:38:25+00:00,0,0.0,0.0,0.0,0.0,0.0,0.0,0.0,0.0,0.0,0.0,0.46106157809485365
22714,2026-01-07 22:57:09+00:00,1,0.0,0.0,0.0,0.0,0.0,0.0,0.0,0.0,0.0,0.0,0.46106157809485365
19780,2025-12-15 14:09:07+00:00,1,0.0,0.0,0.0,0.0,0.0,0.0,0.0,0.0,0.0,0.0,0.46106157809485365
23053,2026-04-13 05:25:51+00:00,0,0.0,0.0,0.0,0.0,0.0,0.0,0.0,0.0,0.0,0.0,0.46106157809485365
23134,2026-04-08 07:49:23+00:00,0,0.0,0.0,0.0,0.0,0.0,0.0,0.0,0.0,0.0,0.0,0.46106157809485365
23689,2025-12-12 17:25:56+00:00,1,0.0,0.0,0.0,0.0,0.0,0.0,0.0,0.0,0.0,0.0,0.46106157809485365
16548,2026-04-10 07:32:07+00:00,0,0.0,0.0,0.0,0.0,0.0,0.0,0.0,0.0,0.0,0.0,0.46106157809485365
22516,2026-11-01 20:24:23+00:00,0,0.0,0.0,0.0,0.0,0.0,0.0,0.0,0.0,0.0,0.0,0.46106157809485365
23888,2025-12-19 21:46:54+00:00,1,0.0,0.0,0.0,0.0,0.0,0.0,0.0,0.0,0.0,0.0,0.46106157809485365
22243,2026-09-24 10:29:40+00:00,0,0.0,0.0,0.0,0.0,0.0,0.0,0.0,0.0,0.0,0.0,0.46106157809485365
19811,2026-06-28 15:36:53+00:00,0,0.0,0.0,0.0,0.0,0.0,0.0,0.0,0.0,0.0,0.0,0.46106157809485365
23952,2026-01-01 13:44:27+00:00,1,0.0,0.0,0.0,0.0,0.0,0.0,0.0,0.0,0.0,0.0,0.46106157809485365
19802,2026-01-03 05:24:04+00:00,1,0.0,0.0,0.0,0.0,0.0,0.0,0.0,0.0,0.0,0.0,0.46106157809485365
24077,2026-01-06 00:11:30+00:00,1,0.0,0.0,0.0,0.0,0.0,0.0,0.0,0.0,0.0,0.0,0.46106157809485365
23760,2026-04-23 18:35:46+00:00,0,0.0,0.0,0.0,0.0,0.0,0.0,0.0,0.0,0.0,0.0,0.46106157809485365
20778,2025-12-23 12:23:05+00:00,1,4.0,4.0,2.0,2.0,0.0,0.0,0.0,1.0,1.0,1.0,0.9968837104738012
23112,2026-01-10 21:52:47+00:00,0,0.0,0.0,0.0,0.0,0.0,0.0,0.0,0.0,0.0,0.0,0.46106157809485365
24324,2026-04-13 19:21:31.974000+00:00,0,0.0,0.0,0.0,0.0,0.0,0.0,0.0,0.0,0.0,0.0,0.46106157809485365
140073,2026-09-24 09:42:52+00:00,0,0.0,0.0,0.0,0.0,0.0,0.0,0.0,0.0,0.0,0.0,0.46106157809485365
24851,2026-05-03 13:26:49+00:00,0,0.0,0.0,0.0,0.0,0.0,0.0,0.0,0.0,0.0,0.0,0.46106157809485365
24915,2026-09-16 08:15:26+00:00,0,0.0,0.0,0.0,0.0,0.0,0.0,0.0,0.0,0.0,0.0,0.46106157809485365
35124,2025-12-30 00:10:33+00:00,1,0.0,0.0,0.0,0.0,0.0,0.0,0.0,0.0,0.0,0.0,0.46106157809485365
24407,2026-01-16 08:54:20+00:00,0,0.0,0.0,0.0,0.0,0.0,0.0,0.0,0.0,0.0,0.0,0.46106157809485365
25275,2025-12-23 14:31:06+00:00,1,0.0,0.0,0.0,0.0,0.0,0.0,0.0,0.0,0.0,0.0,0.46106157809485365
6162,2026-08-02 23:59:59.999999+00:00,0,0.0,0.0,0.0,0.0,0.0,0.0,0.0,0.0,0.0,0.0,0.46106157809485365
25499,2026-04-24 05:04:19+00:00,0,0.0,0.0,0.0,0.0,0.0,0.0,0.0,0.0,0.0,0.0,0.46106157809485365
134349,2026-01-06 10:34:50+00:00,1,0.0,0.0,0.0,0.0,0.0,0.0,0.0,0.0,0.0,0.0,0.46106157809485365
25486,2025-12-30 20:43:07+00:00,1,0.0,0.0,0.0,0.0,0.0,0.0,0.0,0.0,0.0,0.0,0.46106157809485365
21517,2025-12-23 23:18:37+00:00,1,0.0,0.0,0.0,0.0,0.0,0.0,0.0,0.0,0.0,0.0,0.46106157809485365
26674,2025-12-24 10:57:57+00:00,1,0.0,0.0,6.0,3.0,2.0,1.0,0.0,0.0,1.0,3.0,0.9999667984299079
24190,2025-12-19 22:49:02+00:00,1,0.0,0.0,0.0,0.0,0.0,0.0,0.0,0.0,0.0,0.0,0.46106157809485365
19073,2026-04-23 13:36:54+00:00,0,0.0,0.0,0.0,0.0,0.0,0.0,0.0,0.0,0.0,0.0,0.46106157809485365
27231,2025-12-17 17:15:12+00:00,1,0.0,0.0,0.0,0.0,0.0,0.0,0.0,0.0,0.0,0.0,0.46106157809485365
27136,2026-04-24 16:45:47+00:00,0,0.0,0.0,0.0,0.0,0.0,0.0,0.0,0.0,0.0,0.0,0.46106157809485365
127725,2026-09-10 18:55:03+00:00,0,0.0,0.0,0.0,0.0,0.0,0.0,0.0,0.0,0.0,0.0,0.46106157809485365
27269,2025-12-31 03:10:32+00:00,1,0.0,0.0,0.0,0.0,0.0,0.0,0.0,0.0,0.0,0.0,0.46106157809485365
27430,2025-12-18 11:40:06+00:00,1,9.0,9.0,12.0,15.0,3.0,3.0,2.0,1.0,3.0,1.0,0.9999999998327125
27464,2025-12-25 13:01:56+00:00,1,0.0,0.0,0.0,0.0,0.0,0.0,0.0,0.0,0.0,0.0,0.46106157809485365
1284,2026-06-19 23:38:45+00:00,0,0.0,0.0,0.0,0.0,0.0,0.0,0.0,0.0,0.0,0.0,0.46106157809485365
26533,2026-09-04 06:22:12+00:00,0,0.0,0.0,0.0,0.0,0.0,0.0,0.0,0.0,0.0,0.0,0.46106157809485365
28239,2026-04-26 21:28:33+00:00,0,0.0,0.0,0.0,0.0,0.0,0.0,0.0,0.0,0.0,0.0,0.46106157809485365
28577,2026-01-03 17:04:04+00:00,1,0.0,0.0,0.0,0.0,0.0,0.0,0.0,0.0,0.0,0.0,0.46106157809485365
23967,2026-08-20 12:52:11+00:00,0,0.0,0.0,0.0,0.0,0.0,0.0,0.0,0.0,0.0,0.0,0.46106157809485365
134486,2025-12-23 19:41:35+00:00,1,0.0,0.0,0.0,0.0,0.0,0.0,0.0,0.0,0.0,0.0,0.46106157809485365
28773,2025-12-20 23:59:59.999999+00:00,1,0.0,0.0,0.0,0.0,0.0,0.0,0.0,0.0,0.0,0.0,0.46106157809485365
28145,2026-08-01 14:24:00+00:00,0,0.0,0.0,0.0,0.0,0.0,0.0,0.0,0.0,0.0,0.0,0.46106157809485365
22054,2026-09-21 11:36:44+00:00,0,0.0,0.0,0.0,0.0,0.0,0.0,0.0,0.0,0.0,0.0,0.46106157809485365
23218,2026-11-18 17:05:14+00:00,0,0.0,0.0,0.0,0.0,0.0,0.0,0.0,0.0,0.0,0.0,0.46106157809485365
28672,2026-05-08 12:30:15+00:00,0,0.0,0.0,0.0,0.0,0.0,0.0,0.0,0.0,0.0,0.0,0.46106157809485365
29575,2025-12-21 18:34:10+00:00,1,0.0,0.0,0.0,0.0,0.0,0.0,0.0,0.0,0.0,0.0,0.46106157809485365
1068,2026-05-04 08:09:56+00:00,0,0.0,0.0,0.0,0.0,0.0,0.0,0.0,0.0,0.0,0.0,0.46106157809485365
28231,2026-07-06 23:59:59.999999+00:00,0,0.0,0.0,0.0,0.0,0.0,0.0,0.0,0.0,0.0,0.0,0.46106157809485365
12817,2026-07-31 23:59:59.999999+00:00,0,0.0,0.0,0.0,0.0,0.0,0.0,0.0,0.0,0.0,0.0,0.46106157809485365
25256,2026-01-04 21:47:33+00:00,1,0.0,0.0,0.0,0.0,0.0,0.0,0.0,0.0,0.0,0.0,0.46106157809485365
6272,2025-12-28 20:47:04+00:00,1,0.0,0.0,0.0,0.0,0.0,0.0,0.0,0.0,0.0,0.0,0.46106157809485365
30755,2025-12-14 07:10:12+00:00,1,0.0,0.0,0.0,0.0,0.0,0.0,0.0,0.0,0.0,0.0,0.46106157809485365
29311,2025-12-22 12:02:00+00:00,1,0.0,0.0,2.0,0.0,4.0,2.0,8.0,0.0,5.0,3.0,0.9999511485806246
30928,2026-08-16 11:20:05+00:00,0,0.0,0.0,0.0,0.0,0.0,0.0,0.0,0.0,0.0,0.0,0.46106157809485365
19571,2026-05-10 04:54:08+00:00,0,0.0,0.0,0.0,0.0,0.0,0.0,0.0,0.0,0.0,0.0,0.46106157809485365
28941,2026-06-08 07:36:47+00:00,0,0.0,0.0,0.0,0.0,0.0,0.0,0.0,0.0,0.0,0.0,0.46106157809485365
26492,2026-05-11 09:02:09+00:00,0,0.0,0.0,0.0,0.0,0.0,0.0,0.0,0.0,0.0,0.0,0.46106157809485365
6448,2026-01-09 07:23:49+00:00,1,0.0,0.0,0.0,0.0,0.0,0.0,0.0,0.0,0.0,0.0,0.46106157809485365
28083,2026-05-17 23:59:59.999999+00:00,0,0.0,0.0,0.0,0.0,0.0,0.0,0.0,0.0,0.0,0.0,0.46106157809485365
19054,2025-12-13 00:59:26+00:00,1,0.0,0.0,0.0,0.0,0.0,0.0,0.0,0.0,0.0,0.0,0.46106157809485365
24111,2026-01-09 09:35:23.133000+00:00,1,0.0,0.0,0.0,0.0,0.0,0.0,0.0,0.0,0.0,0.0,0.46106157809485365
129636,2025-12-31 23:31:37+00:00,1,0.0,0.0,0.0,0.0,0.0,0.0,0.0,0.0,0.0,0.0,0.46106157809485365
28939,2026-08-27 07:10:45+00:00,0,0.0,0.0,0.0,0.0,0.0,0.0,0.0,0.0,0.0,0.0,0.46106157809485365
152293,2026-01-04 03:13:51+00:00,1,0.0,0.0,0.0,0.0,0.0,0.0,0.0,0.0,0.0,0.0,0.46106157809485365
146713,2026-01-25 05:35:20+00:00,0,0.0,0.0,0.0,0.0,0.0,0.0,0.0,0.0,0.0,0.0,0.46106157809485365
252,2026-10-14 23:59:59.999999+00:00,0,0.0,0.0,0.0,0.0,0.0,0.0,0.0,0.0,0.0,0.0,0.46106157809485365
32814,2026-01-10 20:44:29+00:00,0,0.0,0.0,0.0,0.0,0.0,0.0,0.0,0.0,0.0,0.0,0.46106157809485365
130478,2026-10-22 11:43:09+00:00,0,0.0,0.0,0.0,0.0,0.0,0.0,0.0,0.0,0.0,0.0,0.46106157809485365
34313,2026-05-23 03:36:24+00:00,0,0.0,0.0,0.0,0.0,0.0,0.0,0.0,0.0,0.0,0.0,0.46106157809485365
30596,2026-05-25 06:01:10+00:00,0,0.0,0.0,0.0,0.0,0.0,0.0,0.0,0.0,0.0,0.0,0.46106157809485365
139652,2025-12-21 07:42:21+00:00,1,0.0,0.0,0.0,0.0,0.0,0.0,0.0,0.0,0.0,0.0,0.46106157809485365
34678,2026-01-01 01:57:26+00:00,1,0.0,0.0,0.0,0.0,0.0,0.0,0.0,0.0,0.0,0.0,0.46106157809485365
34856,2026-05-28 16:32:55+00:00,0,0.0,0.0,0.0,0.0,0.0,0.0,0.0,0.0,0.0,0.0,0.46106157809485365
42440,2025-12-30 00:10:33+00:00,1,0.0,0.0,0.0,0.0,0.0,0.0,0.0,0.0,0.0,0.0,0.46106157809485365
32120,2026-01-03 22:25:59+00:00,1,0.0,0.0,0.0,0.0,0.0,0.0,0.0,0.0,0.0,0.0,0.46106157809485365
34995,2026-01-05 07:24:20+00:00,1,0.0,0.0,0.0,0.0,0.0,0.0,0.0,0.0,0.0,0.0,0.46106157809485365
35360,2025-12-17 23:13:02+00:00,1,0.0,0.0,0.0,0.0,0.0,0.0,0.0,0.0,0.0,0.0,0.46106157809485365
35383,2026-07-15 16:51:37+00:00,0,0.0,0.0,0.0,0.0,0.0,0.0,0.0,0.0,0.0,0.0,0.46106157809485365
35282,2026-01-12 15:40:57+00:00,0,0.0,0.0,0.0,0.0,0.0,0.0,0.0,0.0,0.0,0.0,0.46106157809485365
35116,2026-07-03 19:26:47+00:00,0,0.0,0.0,0.0,0.0,0.0,0.0,0.0,0.0,0.0,0.0,0.46106157809485365
32979,2025-12-23 11:20:43+00:00,1,0.0,0.0,0.0,0.0,0.0,0.0,0.0,0.0,0.0,0.0,0.46106157809485365
34892,2026-06-12 19:09:40+00:00,0,0.0,0.0,0.0,0.0,0.0,0.0,0.0,0.0,0.0,0.0,0.46106157809485365
37192,2026-01-06 15:29:53+00:00,1,0.0,0.0,0.0,0.0,0.0,0.0,0.0,0.0,0.0,0.0,0.46106157809485365
36687,2025-12-31 10:21:20+00:00,1,0.0,0.0,0.0,0.0,0.0,0.0,0.0,0.0,0.0,0.0,0.46106157809485365
37127,2025-12-18 13:14:10+00:00,1,0.0,0.0,0.0,0.0,0.0,0.0,0.0,0.0,0.0,0.0,0.46106157809485365
422,2025-12-14 06:35:48+00:00,1,0.0,0.0,0.0,1.0,0.0,0.0,0.0,0.0,1.0,1.0,0.8838342530600627
38443,2025-12-29 17:37:41+00:00,1,0.0,0.0,0.0,0.0,0.0,0.0,0.0,0.0,0.0,0.0,0.46106157809485365
38609,2026-07-11 06:25:19+00:00,0,0.0,0.0,0.0,0.0,0.0,0.0,0.0,0.0,0.0,0.0,0.46106157809485365
27598,2026-09-08 23:59:59.999999+00:00,0,0.0,0.0,0.0,0.0,0.0,0.0,0.0,0.0,0.0,0.0,0.46106157809485365
25155,2026-07-15 14:25:32+00:00,0,0.0,0.0,0.0,0.0,0.0,0.0,0.0,0.0,0.0,0.0,0.46106157809485365
17122,0,0,0.0,0.0,0.0,0.0,0.0,0.0,0.0,0.0,0.0,0.0,0.46106157809485365
22570,2025-12-26 12:25:54+00:00,1,0.0,0.0,0.0,0.0,0.0,0.0,0.0,0.0,0.0,0.0,0.46106157809485365
39237,2025-12-21 22:40:59+00:00,1,0.0,0.0,0.0,0.0,0.0,0.0,0.0,0.0,0.0,0.0,0.46106157809485365
141297,2026-03-25 11:40:57+00:00,0,0.0,0.0,0.0,0.0,0.0,0.0,0.0,0.0,0.0,0.0,0.46106157809485365
39338,2026-01-02 15:29:36+00:00,1,0.0,0.0,0.0,0.0,0.0,0.0,0.0,0.0,0.0,0.0,0.46106157809485365
39452,2026-01-01 11:53:03+00:00,1,0.0,0.0,0.0,0.0,0.0,0.0,0.0,0.0,0.0,0.0,0.46106157809485365
39792,2026-07-28 21:30:45+00:00,0,0.0,0.0,0.0,0.0,0.0,0.0,0.0,0.0,0.0,0.0,0.46106157809485365
41044,2026-05-02 21:22:01+00:00,0,0.0,0.0,0.0,0.0,0.0,0.0,0.0,0.0,0.0,0.0,0.46106157809485365
41644,2026-08-19 23:59:59.999999+00:00,0,0.0,0.0,0.0,0.0,0.0,0.0,0.0,0.0,0.0,0.0,0.46106157809485365
43491,2026-09-14 08:53:36+00:00,0,0.0,0.0,0.0,0.0,0.0,0.0,0.0,0.0,0.0,0.0,0.46106157809485365
43788,2026-09-15 18:46:53+00:00,0,0.0,0.0,0.0,0.0,0.0,0.0,0.0,0.0,0.0,0.0,0.46106157809485365
41474,2026-01-14 06:38:59+00:00,0,0.0,0.0,0.0,0.0,0.0,0.0,0.0,0.0,0.0,0.0,0.46106157809485365
44097,2025-12-22 12:08:05.611000+00:00,1,0.0,0.0,2.0,2.0,2.0,0.0,0.0,0.0,1.0,2.0,0.996756009482346
25397,2025-12-16 05:37:28+00:00,1,0.0,0.0,10.0,8.0,4.0,2.0,2.0,0.0,8.0,8.0,0.9999999999962221
44332,2025-12-24 17:57:43+00:00,1,0.0,0.0,0.0,0.0,0.0,0.0,0.0,0.0,0.0,0.0,0.46106157809485365
42148,2025-12-30 22:01:03+00:00,1,0.0,0.0,0.0,0.0,0.0,0.0,0.0,0.0,0.0,0.0,0.46106157809485365
43645,2025-12-27 10:31:03+00:00,1,0.0,0.0,0.0,0.0,0.0,0.0,0.0,0.0,0.0,0.0,0.46106157809485365
44693,2026-01-14 06:38:59+00:00,0,0.0,0.0,0.0,0.0,0.0,0.0,0.0,0.0,0.0,0.0,0.46106157809485365
44773,2026-01-06 02:22:46+00:00,1,0.0,0.0,0.0,0.0,0.0,0.0,0.0,0.0,0.0,0.0,0.46106157809485365
24411,2026-01-01 14:57:22+00:00,1,0.0,0.0,0.0,0.0,0.0,0.0,0.0,0.0,0.0,0.0,0.46106157809485365
140745,2025-12-15 21:37:46+00:00,1,0.0,0.0,0.0,0.0,0.0,0.0,0.0,0.0,0.0,0.0,0.46106157809485365
46500,2025-12-29 02:32:22+00:00,1,0.0,0.0,0.0,0.0,0.0,0.0,0.0,0.0,0.0,0.0,0.46106157809485365
44342,2026-01-07 18:09:15+00:00,1,0.0,0.0,0.0,0.0,0.0,0.0,0.0,0.0,0.0,0.0,0.46106157809485365
41544,2025-12-25 18:41:57+00:00,1,0.0,0.0,0.0,0.0,0.0,0.0,0.0,0.0,0.0,0.0,0.46106157809485365
978,2025-12-27 13:18:06+00:00,1,0.0,0.0,0.0,0.0,0.0,0.0,0.0,0.0,0.0,0.0,0.46106157809485365
74942,2026-01-07 22:05:04+00:00,1,0.0,0.0,0.0,0.0,0.0,0.0,0.0,0.0,0.0,0.0,0.46106157809485365
48203,2026-01-12 04:13:24+00:00,0,0.0,0.0,0.0,0.0,0.0,0.0,0.0,0.0,0.0,0.0,0.46106157809485365
34872,2026-10-07 22:42:37+00:00,0,0.0,0.0,0.0,0.0,0.0,0.0,0.0,0.0,0.0,0.0,0.46106157809485365
48114,2026-10-09 23:22:33+00:00,0,0.0,0.0,0.0,0.0,0.0,0.0,0.0,0.0,0.0,0.0,0.46106157809485365
48114,2026-10-09 23:22:33+00:00,0,0.0,0.0,0.0,0.0,0.0,0.0,0.0,0.0,0.0,0.0,0.46106157809485365
48544,2026-01-11 16:26:29+00:00,0,0.0,0.0,0.0,0.0,0.0,0.0,0.0,0.0,0.0,0.0,0.46106157809485365
48639,2025-12-27 08:05:05+00:00,1,0.0,0.0,0.0,0.0,0.0,0.0,0.0,0.0,0.0,0.0,0.46106157809485365
48921,2026-01-18 06:08:38+00:00,0,0.0,0.0,0.0,0.0,0.0,0.0,0.0,0.0,0.0,0.0,0.46106157809485365
44545,2026-08-05 16:45:44+00:00,0,0.0,0.0,0.0,0.0,0.0,0.0,0.0,0.0,0.0,0.0,0.46106157809485365
49120,2025-12-27 13:53:12+00:00,1,0.0,0.0,0.0,0.0,0.0,0.0,0.0,0.0,0.0,0.0,0.46106157809485365
49330,2025-12-24 15:43:08+00:00,1,0.0,0.0,0.0,0.0,0.0,0.0,0.0,0.0,0.0,0.0,0.46106157809485365
49381,2026-01-09 06:40:04+00:00,1,0.0,0.0,0.0,0.0,0.0,0.0,0.0,0.0,0.0,0.0,0.46106157809485365
49399,2025-12-15 11:18:29+00:00,1,0.0,0.0,0.0,0.0,0.0,0.0,0.0,0.0,0.0,0.0,0.46106157809485365
49558,2026-05-10 11:50:47+00:00,0,0.0,0.0,0.0,0.0,0.0,0.0,0.0,0.0,0.0,0.0,0.46106157809485365
557,2025-12-29 07:48:55+00:00,1,0.0,0.0,0.0,0.0,0.0,0.0,0.0,0.0,0.0,0.0,0.46106157809485365
49920,2025-12-27 06:48:09+00:00,1,0.0,0.0,0.0,0.0,0.0,0.0,0.0,0.0,0.0,0.0,0.46106157809485365
50130,2025-12-27 16:22:27+00:00,1,0.0,0.0,0.0,0.0,0.0,0.0,0.0,0.0,0.0,0.0,0.46106157809485365
135441,2026-01-14 06:38:59+00:00,0,0.0,0.0,0.0,0.0,0.0,0.0,0.0,0.0,0.0,0.0,0.46106157809485365
49388,2025-12-15 07:07:39+00:00,1,0.0,0.0,0.0,0.0,0.0,0.0,0.0,0.0,0.0,0.0,0.46106157809485365
50381,2025-12-23 16:19:39+00:00,1,0.0,0.0,0.0,0.0,0.0,0.0,0.0,0.0,0.0,0.0,0.46106157809485365
50583,2025-12-23 19:55:59+00:00,1,0.0,0.0,0.0,0.0,0.0,0.0,0.0,0.0,0.0,0.0,0.46106157809485365
51381,2026-02-01 02:08:22+00:00,0,0.0,0.0,0.0,0.0,0.0,0.0,0.0,0.0,0.0,0.0,0.46106157809485365
51209,2025-12-30 02:47:18+00:00,1,0.0,0.0,0.0,0.0,0.0,0.0,0.0,0.0,0.0,0.0,0.46106157809485365
47972,2026-01-03 13:02:35+00:00,1,0.0,0.0,0.0,0.0,0.0,0.0,0.0,0.0,0.0,0.0,0.46106157809485365
133316,2026-01-01 00:19:53.115000+00:00,1,0.0,0.0,0.0,0.0,0.0,0.0,0.0,0.0,0.0,0.0,0.46106157809485365
52096,2026-10-31 10:44:55+00:00,0,0.0,0.0,0.0,0.0,0.0,0.0,0.0,0.0,0.0,0.0,0.46106157809485365
42126,2026-01-03 13:12:36+00:00,1,0.0,0.0,0.0,0.0,0.0,0.0,0.0,0.0,0.0,0.0,0.46106157809485365
52311,2026-10-03 05:46:40+00:00,0,0.0,0.0,0.0,0.0,0.0,0.0,0.0,0.0,0.0,0.0,0.46106157809485365
52678,2026-01-04 01:33:35+00:00,1,0.0,0.0,0.0,0.0,0.0,0.0,0.0,0.0,0.0,0.0,0.46106157809485365
52819,2025-12-19 14:17:18.999000+00:00,1,0.0,0.0,1.0,0.0,4.0,1.0,0.0,0.0,2.0,0.0,0.9668423647162409
52836,2026-01-08 05:29:26+00:00,1,0.0,0.0,0.0,0.0,0.0,0.0,0.0,0.0,0.0,0.0,0.46106157809485365
52934,2025-12-13 21:38:46.237000+00:00,1,0.0,0.0,0.0,0.0,0.0,0.0,0.0,0.0,0.0,0.0,0.46106157809485365
30655,2025-12-22 12:02:00+00:00,1,0.0,0.0,0.0,0.0,0.0,0.0,0.0,0.0,0.0,0.0,0.46106157809485365
46822,2025-12-20 15:15:43+00:00,1,0.0,0.0,0.0,0.0,0.0,0.0,0.0,0.0,0.0,0.0,0.46106157809485365
53364,2025-12-14 16:59:20+00:00,1,0.0,0.0,0.0,0.0,0.0,0.0,0.0,0.0,1.0,1.0,0.8455597508111171
53569,2025-12-13 16:02:07+00:00,1,0.0,0.0,0.0,0.0,0.0,0.0,0.0,0.0,0.0,0.0,0.46106157809485365
53562,2025-12-13 19:37:28+00:00,1,0.0,0.0,0.0,2.0,2.0,1.0,0.0,0.0,2.0,1.0,0.9784632322510376
53813,2025-12-25 12:22:53+00:00,1,0.0,0.0,0.0,0.0,0.0,0.0,0.0,0.0,0.0,0.0,0.46106157809485365
54026,2025-12-18 13:12:46.342000+00:00,1,0.0,0.0,1.0,1.0,2.0,0.0,0.0,0.0,1.0,1.0,0.9693954915302135
2028,2025-12-30 00:10:33+00:00,1,0.0,0.0,0.0,0.0,0.0,0.0,0.0,0.0,0.0,0.0,0.46106157809485365
138237,2025-12-20 20:50:11+00:00,1,0.0,0.0,1.0,0.0,0.0,0.0,0.0,0.0,0.0,1.0,0.8565648211908699
37589,2025-12-25 10:30:24+00:00,1,0.0,0.0,1.0,0.0,0.0,0.0,0.0,0.0,0.0,1.0,0.8565648211908699
54669,2025-12-20 22:01:41+00:00,1,0.0,0.0,0.0,0.0,0.0,0.0,0.0,0.0,0.0,0.0,0.46106157809485365
40327,2026-08-18 16:58:59+00:00,0,0.0,0.0,0.0,0.0,0.0,0.0,0.0,0.0,0.0,0.0,0.46106157809485365
127254,2026-10-16 05:51:06+00:00,0,0.0,0.0,0.0,0.0,0.0,0.0,0.0,0.0,0.0,0.0,0.46106157809485365
40556,2025-12-15 22:21:41+00:00,1,0.0,0.0,0.0,0.0,0.0,0.0,0.0,0.0,0.0,0.0,0.46106157809485365
16724,2026-01-04 17:59:54+00:00,1,0.0,0.0,0.0,0.0,0.0,0.0,0.0,0.0,0.0,0.0,0.46106157809485365
54949,2026-01-01 15:13:21+00:00,1,0.0,0.0,0.0,0.0,0.0,0.0,0.0,0.0,0.0,0.0,0.46106157809485365
55880,2026-01-03 07:55:49+00:00,1,0.0,0.0,0.0,0.0,0.0,0.0,0.0,0.0,0.0,0.0,0.46106157809485365
56155,2025-12-26 04:00:05+00:00,1,0.0,0.0,0.0,0.0,0.0,0.0,0.0,0.0,0.0,0.0,0.46106157809485365
56064,2025-12-23 06:23:45+00:00,1,0.0,0.0,0.0,0.0,0.0,0.0,0.0,0.0,0.0,0.0,0.46106157809485365
56375,2026-01-01 10:09:46+00:00,1,0.0,0.0,0.0,0.0,0.0,0.0,0.0,0.0,0.0,0.0,0.46106157809485365
57421,2025-12-26 09:16:53+00:00,1,0.0,0.0,0.0,0.0,0.0,0.0,0.0,0.0,0.0,0.0,0.46106157809485365
57468,2025-12-21 15:03:13+00:00,1,0.0,0.0,0.0,0.0,0.0,0.0,0.0,0.0,0.0,0.0,0.46106157809485365
34804,2026-01-01 06:50:25+00:00,1,0.0,0.0,0.0,0.0,0.0,0.0,0.0,0.0,0.0,0.0,0.46106157809485365
57958,2025-12-24 00:10:07+00:00,1,0.0,0.0,0.0,0.0,0.0,0.0,0.0,0.0,0.0,0.0,0.46106157809485365
6945,2025-12-13 11:57:32+00:00,1,0.0,0.0,4.0,2.0,4.0,4.0,2.0,0.0,4.0,2.0,0.9999672696208459
57972,2025-12-19 01:01:33+00:00,1,0.0,0.0,0.0,0.0,0.0,0.0,0.0,0.0,0.0,0.0,0.46106157809485365
58020,2026-01-16 16:19:06+00:00,0,0.0,0.0,0.0,0.0,0.0,0.0,0.0,0.0,0.0,0.0,0.46106157809485365
53394,2025-12-21 22:50:16+00:00,1,0.0,0.0,0.0,0.0,0.0,0.0,0.0,0.0,0.0,0.0,0.46106157809485365
58547,2026-02-02 07:10:59+00:00,0,0.0,0.0,0.0,0.0,0.0,0.0,0.0,0.0,0.0,0.0,0.46106157809485365
58565,2026-01-02 04:03:54+00:00,1,0.0,0.0,0.0,0.0,0.0,0.0,0.0,0.0,0.0,0.0,0.46106157809485365
58677,2026-01-18 00:27:40+00:00,0,0.0,0.0,0.0,0.0,0.0,0.0,0.0,0.0,0.0,0.0,0.46106157809485365
128356,2025-12-30 00:10:33+00:00,1,0.0,0.0,0.0,0.0,0.0,0.0,0.0,0.0,0.0,0.0,0.46106157809485365
59118,2026-01-05 22:43:39+00:00,1,0.0,0.0,0.0,0.0,0.0,0.0,0.0,0.0,0.0,0.0,0.46106157809485365
59623,2025-12-20 14:12:40+00:00,1,0.0,0.0,0.0,0.0,0.0,0.0,0.0,0.0,0.0,0.0,0.46106157809485365
59742,2026-01-08 14:55:50+00:00,1,0.0,0.0,0.0,0.0,0.0,0.0,0.0,0.0,0.0,0.0,0.46106157809485365
60315,2026-01-07 05:02:38+00:00,1,0.0,0.0,0.0,0.0,0.0,0.0,0.0,0.0,0.0,0.0,0.46106157809485365
60538,2026-01-05 07:37:39+00:00,1,0.0,0.0,0.0,0.0,0.0,0.0,0.0,0.0,0.0,0.0,0.46106157809485365
60544,2025-12-14 16:16:30+00:00,1,0.0,0.0,0.0,0.0,0.0,0.0,0.0,0.0,0.0,0.0,0.46106157809485365
11212,2025-12-24 21:27:04+00:00,1,0.0,0.0,1.0,0.0,2.0,1.0,1.0,0.0,2.0,0.0,0.9367240986094836
60797,2026-01-07 20:45:10+00:00,1,0.0,0.0,0.0,0.0,0.0,0.0,0.0,0.0,0.0,0.0,0.46106157809485365
61255,2026-01-15 14:31:19+00:00,0,0.0,0.0,0.0,0.0,0.0,0.0,0.0,0.0,0.0,0.0,0.46106157809485365
61537,2026-01-12 14:53:24+00:00,0,0.0,0.0,0.0,0.0,0.0,0.0,0.0,0.0,0.0,0.0,0.46106157809485365
53446,2026-01-01 14:41:24+00:00,1,0.0,0.0,0.0,0.0,0.0,0.0,0.0,0.0,0.0,0.0,0.46106157809485365
45506,2025-12-28 21:11:04+00:00,1,0.0,0.0,0.0,0.0,0.0,0.0,0.0,0.0,0.0,0.0,0.46106157809485365
149613,2025-12-15 11:18:29+00:00,1,0.0,0.0,0.0,0.0,0.0,0.0,0.0,0.0,0.0,0.0,0.46106157809485365
61951,2026-07-16 06:02:11+00:00,0,0.0,0.0,0.0,0.0,0.0,0.0,0.0,0.0,0.0,0.0,0.46106157809485365
62298,2026-01-08 14:24:09+00:00,1,0.0,0.0,0.0,0.0,0.0,0.0,0.0,0.0,0.0,0.0,0.46106157809485365
60474,2026-06-12 07:31:49+00:00,0,0.0,0.0,0.0,0.0,0.0,0.0,0.0,0.0,0.0,0.0,0.46106157809485365
62331,2026-01-24 16:27:07+00:00,0,0.0,0.0,0.0,0.0,0.0,0.0,0.0,0.0,0.0,0.0,0.46106157809485365
62056,2026-01-06 22:23:45+00:00,1,0.0,0.0,0.0,0.0,0.0,0.0,0.0,0.0,0.0,0.0,0.46106157809485365
35745,2025-12-22 17:22:33+00:00,1,0.0,0.0,0.0,0.0,0.0,0.0,0.0,0.0,0.0,0.0,0.46106157809485365
19228,2026-01-26 08:13:14+00:00,0,0.0,0.0,0.0,0.0,0.0,0.0,0.0,0.0,0.0,0.0,0.46106157809485365
62894,2026-08-29 04:28:47+00:00,0,0.0,0.0,0.0,0.0,0.0,0.0,0.0,0.0,0.0,0.0,0.46106157809485365
357,2025-12-14 13:11:01+00:00,1,0.0,0.0,2.0,0.0,2.0,1.0,0.0,0.0,3.0,2.0,0.9984645112156133
758,2026-01-02 00:16:31+00:00,1,0.0,0.0,0.0,0.0,0.0,0.0,0.0,0.0,0.0,0.0,0.46106157809485365
1225,2026-07-15 11:09:08+00:00,0,0.0,0.0,0.0,0.0,0.0,0.0,0.0,0.0,0.0,0.0,0.46106157809485365
2130,2026-03-17 14:45:15+00:00,0,0.0,0.0,0.0,0.0,0.0,0.0,0.0,0.0,0.0,0.0,0.46106157809485365
6408,2026-01-06 02:32:49+00:00,1,0.0,0.0,0.0,0.0,0.0,0.0,0.0,0.0,0.0,0.0,0.46106157809485365
10267,2025-12-14 14:52:32+00:00,1,0.0,0.0,2.0,2.0,0.0,0.0,0.0,0.0,2.0,2.0,0.9965898386815928
11136,2026-10-11 19:20:01+00:00,0,0.0,0.0,0.0,0.0,0.0,0.0,0.0,0.0,0.0,0.0,0.46106157809485365
20394,2026-01-05 08:01:29+00:00,1,0.0,0.0,0.0,0.0,0.0,0.0,0.0,0.0,0.0,0.0,0.46106157809485365
140756,2026-03-02 19:53:27+00:00,0,0.0,0.0,0.0,0.0,0.0,0.0,0.0,0.0,0.0,0.0,0.46106157809485365
53018,2026-06-10 05:53:00+00:00,0,0.0,0.0,0.0,0.0,0.0,0.0,0.0,0.0,0.0,0.0,0.46106157809485365
56684,2026-01-19 20:20:41+00:00,0,0.0,0.0,0.0,0.0,0.0,0.0,0.0,0.0,0.0,0.0,0.46106157809485365
56708,2026-02-11 15:51:46+00:00,0,0.0,0.0,0.0,0.0,0.0,0.0,0.0,0.0,0.0,0.0,0.46106157809485365
57537,2026-09-09 16:19:05+00:00,0,0.0,0.0,0.0,0.0,0.0,0.0,0.0,0.0,0.0,0.0,0.46106157809485365
140282,2026-02-11 20:42:20+00:00,0,0.0,0.0,0.0,0.0,0.0,0.0,0.0,0.0,0.0,0.0,0.46106157809485365
141828,2025-12-16 20:14:52+00:00,1,0.0,0.0,0.0,0.0,0.0,0.0,0.0,0.0,2.0,4.0,0.9974767443826681
59060,2025-12-23 12:06:26+00:00,1,0.0,0.0,1.0,0.0,0.0,0.0,0.0,0.0,0.0,1.0,0.8565648211908699
60760,2026-11-02 12:52:14+00:00,0,0.0,0.0,0.0,0.0,0.0,0.0,0.0,0.0,0.0,0.0,0.46106157809485365
63293,2025-12-23 10:22:10+00:00,1,0.0,0.0,0.0,0.0,0.0,0.0,0.0,0.0,0.0,0.0,0.46106157809485365
138520,2026-01-11 18:21:49+00:00,0,0.0,0.0,0.0,0.0,0.0,0.0,0.0,0.0,0.0,0.0,0.46106157809485365
146823,2025-12-15 06:54:43+00:00,1,0.0,0.0,0.0,0.0,0.0,0.0,0.0,0.0,0.0,0.0,0.46106157809485365
63645,2026-01-01 19:28:34+00:00,1,0.0,0.0,0.0,0.0,0.0,0.0,0.0,0.0,0.0,0.0,0.46106157809485365
63806,2026-02-08 22:13:07+00:00,0,0.0,0.0,0.0,0.0,0.0,0.0,0.0,0.0,0.0,0.0,0.46106157809485365
63690,2025-12-17 10:22:44+00:00,1,0.0,0.0,0.0,0.0,0.0,0.0,0.0,0.0,0.0,0.0,0.46106157809485365
63972,2026-01-05 04:19:39+00:00,1,0.0,0.0,0.0,0.0,0.0,0.0,0.0,0.0,0.0,0.0,0.46106157809485365
63983,2026-01-06 16:48:13+00:00,1,0.0,0.0,0.0,0.0,0.0,0.0,0.0,0.0,0.0,0.0,0.46106157809485365
64249,2025-12-15 06:54:43+00:00,1,0.0,0.0,0.0,0.0,0.0,0.0,0.0,0.0,0.0,0.0,0.46106157809485365
64273,2026-01-08 14:18:33.055000+00:00,1,0.0,0.0,0.0,0.0,0.0,0.0,0.0,0.0,0.0,0.0,0.46106157809485365
64601,2025-12-27 22:02:57.118000+00:00,1,0.0,0.0,0.0,0.0,0.0,0.0,0.0,0.0,0.0,0.0,0.46106157809485365
63763,2026-01-09 06:08:13+00:00,1,0.0,0.0,0.0,0.0,0.0,0.0,0.0,0.0,0.0,0.0,0.46106157809485365
64726,2025-12-19 18:49:16+00:00,1,0.0,0.0,0.0,0.0,0.0,0.0,0.0,0.0,0.0,0.0,0.46106157809485365
54441,2026-02-15 02:39:44.706000+00:00,0,0.0,0.0,0.0,0.0,0.0,0.0,0.0,0.0,0.0,0.0,0.46106157809485365
65368,2025-12-23 15:31:10.364000+00:00,1,0.0,0.0,0.0,0.0,0.0,0.0,0.0,0.0,0.0,0.0,0.46106157809485365
26793,2026-02-19 01:40:06+00:00,0,0.0,0.0,0.0,0.0,0.0,0.0,0.0,0.0,0.0,0.0,0.46106157809485365
66564,2026-01-01 01:48:00.700000+00:00,1,0.0,0.0,0.0,0.0,0.0,0.0,0.0,0.0,0.0,0.0,0.46106157809485365
67012,2026-01-03 13:28:46+00:00,1,0.0,0.0,0.0,0.0,0.0,0.0,0.0,0.0,0.0,0.0,0.46106157809485365
33101,2025-12-24 10:57:57+00:00,1,0.0,0.0,1.0,1.0,2.0,1.0,1.0,0.0,2.0,1.0,0.9857346999311944
31695,2026-08-20 12:52:11+00:00,0,0.0,0.0,0.0,0.0,0.0,0.0,0.0,0.0,0.0,0.0,0.46106157809485365
61056,2026-01-09 02:14:09.143000+00:00,1,0.0,0.0,0.0,0.0,0.0,0.0,0.0,0.0,0.0,0.0,0.46106157809485365
71519,2026-01-04 17:59:54+00:00,1,0.0,0.0,0.0,0.0,0.0,0.0,0.0,0.0,0.0,0.0,0.46106157809485365
64854,2026-01-09 02:14:09.143000+00:00,1,0.0,0.0,0.0,0.0,0.0,0.0,0.0,0.0,0.0,0.0,0.46106157809485365
64835,2025-12-26 17:33:59.623000+00:00,1,0.0,0.0,0.0,0.0,0.0,0.0,0.0,0.0,0.0,0.0,0.46106157809485365
128648,2025-12-21 19:40:39+00:00,1,0.0,0.0,0.0,0.0,0.0,0.0,0.0,0.0,0.0,0.0,0.46106157809485365
2446,2026-01-06 17:12:07+00:00,1,0.0,0.0,0.0,0.0,0.0,0.0,0.0,0.0,0.0,0.0,0.46106157809485365
59846,2026-01-28 20:29:51+00:00,0,0.0,0.0,0.0,0.0,0.0,0.0,0.0,0.0,0.0,0.0,0.46106157809485365
70439,2025-12-26 18:47:28+00:00,1,0.0,0.0,0.0,0.0,0.0,0.0,0.0,0.0,0.0,0.0,0.46106157809485365
70715,2026-03-26 11:11:57+00:00,0,0.0,0.0,0.0,0.0,0.0,0.0,0.0,0.0,0.0,0.0,0.46106157809485365
55901,2025-12-29 20:19:09+00:00,1,0.0,0.0,0.0,0.0,0.0,0.0,0.0,0.0,0.0,0.0,0.46106157809485365
71261,2025-12-25 23:57:01+00:00,1,0.0,0.0,6.0,4.0,4.0,2.0,0.0,0.0,4.0,4.0,0.999999543994163
70788,2026-04-12 08:48:57+00:00,0,0.0,0.0,0.0,0.0,0.0,0.0,0.0,0.0,0.0,0.0,0.46106157809485365
72792,2025-12-15 04:00:19+00:00,1,0.0,0.0,0.0,0.0,0.0,0.0,0.0,0.0,0.0,0.0,0.46106157809485365
70773,2026-08-22 04:43:32+00:00,0,0.0,0.0,0.0,0.0,0.0,0.0,0.0,0.0,0.0,0.0,0.46106157809485365
73826,2026-01-11 03:23:20+00:00,0,0.0,0.0,0.0,0.0,0.0,0.0,0.0,0.0,0.0,0.0,0.46106157809485365
74317,2025-12-30 01:52:30+00:00,1,0.0,0.0,0.0,0.0,0.0,0.0,0.0,0.0,0.0,0.0,0.46106157809485365
74911,2025-12-30 18:21:14+00:00,1,0.0,0.0,0.0,0.0,0.0,0.0,0.0,0.0,0.0,0.0,0.46106157809485365
68111,2026-01-07 05:31:15+00:00,1,0.0,0.0,0.0,0.0,0.0,0.0,0.0,0.0,0.0,0.0,0.46106157809485365
39148,2026-06-06 14:58:35+00:00,0,0.0,0.0,0.0,0.0,0.0,0.0,0.0,0.0,0.0,0.0,0.46106157809485365
108891,2025-12-21 12:41:20+00:00,1,0.0,0.0,0.0,0.0,0.0,0.0,0.0,0.0,0.0,0.0,0.46106157809485365
71008,2025-12-14 10:38:25.957000+00:00,1,0.0,0.0,0.0,0.0,0.0,0.0,0.0,0.0,0.0,0.0,0.46106157809485365
49765,2026-08-14 08:50:23+00:00,0,0.0,0.0,0.0,0.0,0.0,0.0,0.0,0.0,0.0,0.0,0.46106157809485365
76131,2026-04-29 15:46:00+00:00,0,0.0,0.0,0.0,0.0,0.0,0.0,0.0,0.0,0.0,0.0,0.46106157809485365
29825,2026-01-08 04:13:52+00:00,1,0.0,0.0,0.0,0.0,0.0,0.0,0.0,0.0,0.0,0.0,0.46106157809485365
9646,2025-12-27 19:19:45+00:00,1,0.0,0.0,0.0,0.0,0.0,0.0,0.0,0.0,0.0,0.0,0.46106157809485365
27581,2025-12-28 00:12:59+00:00,1,0.0,0.0,0.0,0.0,0.0,0.0,0.0,0.0,0.0,0.0,0.46106157809485365
127254,2026-10-16 05:51:06+00:00,0,0.0,0.0,0.0,0.0,0.0,0.0,0.0,0.0,0.0,0.0,0.46106157809485365
127347,2026-07-31 23:59:59.999999+00:00,0,0.0,0.0,0.0,0.0,0.0,0.0,0.0,0.0,0.0,0.0,0.46106157809485365
127842,2026-05-25 12:45:59+00:00,0,0.0,0.0,0.0,0.0,0.0,0.0,0.0,0.0,0.0,0.0,0.46106157809485365
127868,2025-12-18 08:03:05+00:00,1,0.0,0.0,6.0,2.0,4.0,4.0,0.0,0.0,6.0,4.0,0.999999808603671
127868,2025-12-18 08:03:05+00:00,1,0.0,0.0,6.0,2.0,4.0,4.0,0.0,0.0,6.0,4.0,0.999999808603671
129749,2025-12-13 09:15:59+00:00,1,1.0,1.0,1.0,0.0,0.0,0.0,0.0,0.0,1.0,1.0,0.9487122344096547
76921,2026-01-05 02:55:07+00:00,1,0.0,0.0,0.0,0.0,0.0,0.0,0.0,0.0,0.0,0.0,0.46106157809485365
145124,2025-12-30 22:01:03+00:00,1,0.0,0.0,0.0,0.0,0.0,0.0,0.0,0.0,0.0,0.0,0.46106157809485365
41075,2026-10-16 05:51:06+00:00,0,0.0,0.0,0.0,0.0,0.0,0.0,0.0,0.0,0.0,0.0,0.46106157809485365
41075,2026-10-16 05:51:06+00:00,0,0.0,0.0,0.0,0.0,0.0,0.0,0.0,0.0,0.0,0.0,0.46106157809485365
1799,2025-12-30 00:10:33+00:00,1,0.0,0.0,0.0,0.0,0.0,0.0,0.0,0.0,0.0,0.0,0.46106157809485365
128527,2026-09-14 08:53:36+00:00,0,0.0,0.0,0.0,0.0,0.0,0.0,0.0,0.0,0.0,0.0,0.46106157809485365
128743,2026-05-10 11:50:47+00:00,0,0.0,0.0,0.0,0.0,0.0,0.0,0.0,0.0,0.0,0.0,0.46106157809485365
128496,2026-10-16 05:51:06+00:00,0,0.0,0.0,0.0,0.0,0.0,0.0,0.0,0.0,0.0,0.0,0.46106157809485365
129102,2026-01-10 19:38:43.559000+00:00,0,0.0,0.0,0.0,0.0,0.0,0.0,0.0,0.0,0.0,0.0,0.46106157809485365
129151,2025-12-27 18:11:09+00:00,1,0.0,0.0,0.0,0.0,0.0,0.0,0.0,0.0,0.0,0.0,0.46106157809485365
23100,2026-09-02 11:14:09+00:00,0,0.0,0.0,0.0,0.0,0.0,0.0,0.0,0.0,0.0,0.0,0.46106157809485365
129335,2026-07-07 07:41:53+00:00,0,0.0,0.0,0.0,0.0,0.0,0.0,0.0,0.0,0.0,0.0,0.46106157809485365
129343,2025-12-13 07:58:34+00:00,1,0.0,0.0,0.0,0.0,0.0,0.0,0.0,0.0,0.0,0.0,0.46106157809485365
129737,2025-12-13 07:58:34+00:00,1,0.0,0.0,0.0,0.0,0.0,0.0,0.0,0.0,0.0,0.0,0.46106157809485365
138636,2025-12-22 14:03:01+00:00,1,0.0,0.0,0.0,0.0,0.0,0.0,0.0,0.0,0.0,0.0,0.46106157809485365
129806,2026-01-10 21:52:47+00:00,0,0.0,0.0,0.0,0.0,0.0,0.0,0.0,0.0,0.0,0.0,0.46106157809485365
138178,2026-01-11 13:22:07+00:00,0,0.0,0.0,0.0,0.0,0.0,0.0,0.0,0.0,0.0,0.0,0.46106157809485365
138393,2026-01-10 11:21:56+00:00,0,0.0,0.0,0.0,0.0,0.0,0.0,0.0,0.0,0.0,0.0,0.46106157809485365
130478,2026-10-22 11:43:09+00:00,0,0.0,0.0,0.0,0.0,0.0,0.0,0.0,0.0,0.0,0.0,0.46106157809485365
130482,2026-01-08 21:17:19+00:00,1,0.0,0.0,0.0,0.0,0.0,0.0,0.0,0.0,0.0,0.0,0.46106157809485365
28791,2026-10-11 07:06:08+00:00,0,0.0,0.0,0.0,0.0,0.0,0.0,0.0,0.0,0.0,0.0,0.46106157809485365
64373,2025-12-15 06:29:11.950000+00:00,1,0.0,0.0,0.0,0.0,0.0,0.0,0.0,0.0,0.0,0.0,0.46106157809485365
137713,2025-12-15 06:58:03+00:00,1,0.0,0.0,2.0,2.0,2.0,1.0,0.0,0.0,1.0,1.0,0.9903831993672139
131251,2025-12-22 13:39:40+00:00,1,0.0,0.0,0.0,0.0,0.0,0.0,0.0,0.0,0.0,0.0,0.46106157809485365
55162,2026-01-04 04:11:58+00:00,1,0.0,0.0,0.0,0.0,0.0,0.0,0.0,0.0,0.0,0.0,0.46106157809485365
76547,2026-08-07 19:36:29+00:00,0,0.0,0.0,0.0,0.0,0.0,0.0,0.0,0.0,0.0,0.0,0.46106157809485365
131505,2026-01-05 11:16:20+00:00,1,0.0,0.0,0.0,0.0,0.0,0.0,0.0,0.0,0.0,0.0,0.46106157809485365
36111,2026-11-30 23:59:59.999999+00:00,0,0.0,0.0,0.0,0.0,0.0,0.0,0.0,0.0,0.0,0.0,0.46106157809485365
130225,2026-07-31 23:59:59.999999+00:00,0,0.0,0.0,0.0,0.0,0.0,0.0,0.0,0.0,0.0,0.0,0.46106157809485365
132081,2025-12-28 16:47:59+00:00,1,0.0,0.0,0.0,0.0,0.0,0.0,0.0,0.0,0.0,0.0,0.46106157809485365
127919,2025-12-15 03:55:27+00:00,1,0.0,0.0,0.0,0.0,0.0,0.0,0.0,0.0,0.0,0.0,0.46106157809485365
154474,2026-01-01 12:35:45+00:00,1,0.0,0.0,0.0,0.0,0.0,0.0,0.0,0.0,0.0,0.0,0.46106157809485365
132912,2025-12-30 02:14:40+00:00,1,0.0,0.0,0.0,0.0,0.0,0.0,0.0,0.0,0.0,0.0,0.46106157809485365
37100,2026-09-18 23:59:59.999999+00:00,0,0.0,0.0,0.0,0.0,0.0,0.0,0.0,0.0,0.0,0.0,0.46106157809485365
133603,2025-12-12 10:57:42+00:00,1,0.0,0.0,0.0,0.0,0.0,0.0,0.0,0.0,0.0,0.0,0.46106157809485365
133632,2025-12-19 18:49:16+00:00,1,0.0,0.0,1.0,0.0,0.0,0.0,0.0,0.0,0.0,1.0,0.8565648211908699
133906,2025-12-30 17:48:05+00:00,1,0.0,0.0,0.0,0.0,0.0,0.0,0.0,0.0,0.0,0.0,0.46106157809485365
128851,2025-12-12 13:40:31+00:00,1,0.0,0.0,0.0,0.0,0.0,0.0,0.0,0.0,0.0,0.0,0.46106157809485365
134113,2026-05-03 19:43:39+00:00,0,0.0,0.0,0.0,0.0,0.0,0.0,0.0,0.0,0.0,0.0,0.46106157809485365
134051,2025-12-18 14:16:44+00:00,1,0.0,0.0,0.0,0.0,0.0,0.0,0.0,0.0,0.0,0.0,0.46106157809485365
134183,2026-10-21 13:46:26+00:00,0,0.0,0.0,0.0,0.0,0.0,0.0,0.0,0.0,0.0,0.0,0.46106157809485365
26142,2026-01-06 10:34:50+00:00,1,0.0,0.0,0.0,0.0,0.0,0.0,0.0,0.0,0.0,0.0,0.46106157809485365
132000,2026-01-11 07:53:56+00:00,0,0.0,0.0,0.0,0.0,0.0,0.0,0.0,0.0,0.0,0.0,0.46106157809485365
135147,2025-12-29 07:52:48+00:00,1,0.0,0.0,0.0,0.0,0.0,0.0,0.0,0.0,0.0,0.0,0.46106157809485365
154790,2026-01-07 05:28:52+00:00,1,0.0,0.0,0.0,0.0,0.0,0.0,0.0,0.0,0.0,0.0,0.46106157809485365
135711,2025-12-24 13:14:44+00:00,1,0.0,0.0,0.0,0.0,0.0,0.0,0.0,0.0,0.0,0.0,0.46106157809485365
136287,2025-12-13 04:43:04+00:00,1,0.0,0.0,1.0,0.0,0.0,0.0,0.0,0.0,3.0,2.0,0.9928438730275638
136405,2026-02-01 02:08:22+00:00,0,0.0,0.0,0.0,0.0,0.0,0.0,0.0,0.0,0.0,0.0,0.46106157809485365
136411,2026-01-02 11:23:13+00:00,1,0.0,0.0,0.0,0.0,0.0,0.0,0.0,0.0,0.0,0.0,0.46106157809485365
137673,2026-11-24 15:10:31+00:00,0,0.0,0.0,0.0,0.0,0.0,0.0,0.0,0.0,0.0,0.0,0.46106157809485365
136301,2026-07-31 23:59:59.999999+00:00,0,0.0,0.0,0.0,0.0,0.0,0.0,0.0,0.0,0.0,0.0,0.46106157809485365
137819,2026-01-07 12:12:06+00:00,1,0.0,0.0,0.0,0.0,0.0,0.0,0.0,0.0,0.0,0.0,0.46106157809485365
137925,2026-04-06 16:24:13+00:00,0,0.0,0.0,0.0,0.0,0.0,0.0,0.0,0.0,0.0,0.0,0.46106157809485365
135441,2026-01-14 06:38:59+00:00,0,0.0,0.0,0.0,0.0,0.0,0.0,0.0,0.0,0.0,0.0,0.46106157809485365
22516,2026-11-01 20:24:23+00:00,0,0.0,0.0,0.0,0.0,0.0,0.0,0.0,0.0,0.0,0.0,0.46106157809485365
138262,2026-08-18 16:58:59+00:00,0,0.0,0.0,0.0,0.0,0.0,0.0,0.0,0.0,0.0,0.0,0.46106157809485365
138381,2025-12-24 14:52:43+00:00,1,0.0,0.0,0.0,0.0,0.0,0.0,0.0,0.0,0.0,0.0,0.46106157809485365
138520,2026-01-11 18:21:49+00:00,0,0.0,0.0,0.0,0.0,0.0,0.0,0.0,0.0,0.0,0.0,0.46106157809485365
138729,2025-12-26 23:59:59.999999+00:00,1,0.0,0.0,0.0,0.0,0.0,0.0,0.0,0.0,0.0,0.0,0.46106157809485365
53654,2025-12-27 15:12:38+00:00,1,0.0,0.0,0.0,0.0,0.0,0.0,0.0,0.0,0.0,0.0,0.46106157809485365
138504,2026-07-31 23:59:59.999999+00:00,0,0.0,0.0,0.0,0.0,0.0,0.0,0.0,0.0,0.0,0.0,0.46106157809485365
131105,2026-01-01 22:31:40+00:00,1,0.0,0.0,0.0,0.0,0.0,0.0,0.0,0.0,0.0,0.0,0.46106157809485365
138804,2026-01-03 00:40:49+00:00,1,0.0,0.0,0.0,0.0,0.0,0.0,0.0,0.0,0.0,0.0,0.46106157809485365
138904,2026-01-07 09:55:25+00:00,1,0.0,0.0,0.0,0.0,0.0,0.0,0.0,0.0,0.0,0.0,0.46106157809485365
139046,2026-01-04 23:23:26+00:00,1,0.0,0.0,0.0,0.0,0.0,0.0,0.0,0.0,0.0,0.0,0.46106157809485365
139095,2025-12-15 03:55:27+00:00,1,0.0,0.0,0.0,0.0,0.0,0.0,0.0,0.0,0.0,0.0,0.46106157809485365
139122,2025-12-27 06:06:32+00:00,1,0.0,0.0,0.0,0.0,0.0,0.0,0.0,0.0,0.0,0.0,0.46106157809485365
139080,2026-01-08 19:38:29+00:00,1,0.0,0.0,0.0,0.0,0.0,0.0,0.0,0.0,0.0,0.0,0.46106157809485365
138393,2026-01-10 11:21:56+00:00,0,0.0,0.0,0.0,0.0,0.0,0.0,0.0,0.0,0.0,0.0,0.46106157809485365
139297,2026-01-11 07:08:17+00:00,0,0.0,0.0,0.0,0.0,0.0,0.0,0.0,0.0,0.0,0.0,0.46106157809485365
137925,2026-04-06 16:24:13+00:00,0,0.0,0.0,0.0,0.0,0.0,0.0,0.0,0.0,0.0,0.0,0.46106157809485365
139475,2026-01-05 20:44:15+00:00,1,0.0,0.0,0.0,0.0,0.0,0.0,0.0,0.0,0.0,0.0,0.46106157809485365
55368,2026-01-20 10:52:10+00:00,0,0.0,0.0,0.0,0.0,0.0,0.0,0.0,0.0,0.0,0.0,0.46106157809485365
23806,2026-01-21 08:18:10+00:00,0,0.0,0.0,0.0,0.0,0.0,0.0,0.0,0.0,0.0,0.0,0.46106157809485365
28103,2025-12-30 17:15:46+00:00,1,0.0,0.0,0.0,0.0,0.0,0.0,0.0,0.0,0.0,0.0,0.46106157809485365
139699,2026-02-26 12:27:26+00:00,0,0.0,0.0,0.0,0.0,0.0,0.0,0.0,0.0,0.0,0.0,0.46106157809485365
6945,2025-12-13 11:57:32+00:00,1,0.0,0.0,4.0,2.0,4.0,4.0,2.0,0.0,4.0,2.0,0.9999672696208459
127326,2026-01-28 20:29:51+00:00,0,0.0,0.0,0.0,0.0,0.0,0.0,0.0,0.0,0.0,0.0,0.46106157809485365
27514,2025-12-14 03:11:14+00:00,1,0.0,0.0,0.0,0.0,0.0,0.0,0.0,0.0,0.0,0.0,0.46106157809485365
139974,2026-01-03 03:16:10+00:00,1,0.0,0.0,0.0,0.0,0.0,0.0,0.0,0.0,0.0,0.0,0.46106157809485365
140023,2026-02-01 19:55:22+00:00,0,0.0,0.0,0.0,0.0,0.0,0.0,0.0,0.0,0.0,0.0,0.46106157809485365
140075,2026-02-04 10:05:30+00:00,0,0.0,0.0,0.0,0.0,0.0,0.0,0.0,0.0,0.0,0.0,0.46106157809485365
140079,2025-12-22 03:30:52+00:00,1,0.0,0.0,0.0,0.0,0.0,0.0,0.0,0.0,0.0,0.0,0.46106157809485365
139984,2026-01-07 17:18:24+00:00,1,0.0,0.0,0.0,0.0,0.0,0.0,0.0,0.0,0.0,0.0,0.46106157809485365
140110,2026-01-08 21:53:31+00:00,1,0.0,0.0,0.0,0.0,0.0,0.0,0.0,0.0,0.0,0.0,0.46106157809485365
140189,2026-02-09 07:03:34+00:00,0,0.0,0.0,0.0,0.0,0.0,0.0,0.0,0.0,0.0,0.0,0.46106157809485365
140282,2026-02-11 20:42:20+00:00,0,0.0,0.0,0.0,0.0,0.0,0.0,0.0,0.0,0.0,0.0,0.46106157809485365
59846,2026-01-28 20:29:51+00:00,0,0.0,0.0,0.0,0.0,0.0,0.0,0.0,0.0,0.0,0.0,0.46106157809485365
140444,2025-12-28 16:47:59+00:00,1,0.0,0.0,0.0,0.0,0.0,0.0,0.0,0.0,0.0,0.0,0.46106157809485365
140444,2025-12-28 16:47:59+00:00,1,0.0,0.0,0.0,0.0,0.0,0.0,0.0,0.0,0.0,0.0,0.46106157809485365
140449,2025-12-29 06:38:14+00:00,1,0.0,0.0,0.0,0.0,0.0,0.0,0.0,0.0,0.0,0.0,0.46106157809485365
140349,2025-12-23 01:02:43+00:00,1,0.0,0.0,0.0,1.0,2.0,1.0,0.0,0.0,2.0,1.0,0.9703202631720419
140584,2026-01-09 06:08:13+00:00,1,0.0,0.0,0.0,0.0,0.0,0.0,0.0,0.0,0.0,0.0,0.46106157809485365
140756,2026-03-02 19:53:27+00:00,0,0.0,0.0,0.0,0.0,0.0,0.0,0.0,0.0,0.0,0.0,0.46106157809485365
140793,2026-01-07 08:24:23+00:00,1,0.0,0.0,0.0,0.0,0.0,0.0,0.0,0.0,0.0,0.0,0.46106157809485365
51381,2026-02-01 02:08:22+00:00,0,0.0,0.0,0.0,0.0,0.0,0.0,0.0,0.0,0.0,0.0,0.46106157809485365
140856,2026-01-09 13:37:46+00:00,1,0.0,0.0,0.0,0.0,0.0,0.0,0.0,0.0,0.0,0.0,0.46106157809485365
140858,2025-12-19 21:46:54+00:00,1,0.0,0.0,0.0,0.0,0.0,0.0,0.0,0.0,0.0,0.0,0.46106157809485365
58995,2026-03-07 22:04:04.991000+00:00,0,0.0,0.0,0.0,0.0,0.0,0.0,0.0,0.0,0.0,0.0,0.46106157809485365
127444,2026-01-01 04:39:44+00:00,1,0.0,0.0,0.0,0.0,0.0,0.0,0.0,0.0,0.0,0.0,0.46106157809485365
140974,2025-12-14 19:43:18+00:00,1,0.0,0.0,0.0,0.0,0.0,0.0,0.0,0.0,0.0,0.0,0.46106157809485365
141048,2026-01-03 16:12:11+00:00,1,0.0,0.0,0.0,0.0,0.0,0.0,0.0,0.0,0.0,0.0,0.46106157809485365
130960,2026-01-06 05:47:29+00:00,1,0.0,0.0,0.0,0.0,0.0,0.0,0.0,0.0,0.0,0.0,0.46106157809485365
141171,2025-12-13 06:13:32+00:00,1,0.0,0.0,0.0,0.0,0.0,0.0,0.0,0.0,0.0,0.0,0.46106157809485365
141176,2025-12-23 22:43:26+00:00,1,0.0,0.0,0.0,0.0,0.0,0.0,0.0,0.0,0.0,0.0,0.46106157809485365
141238,2025-12-26 09:16:53+00:00,1,0.0,0.0,0.0,0.0,0.0,0.0,0.0,0.0,0.0,0.0,0.46106157809485365
141281,2026-08-04 23:59:59.999999+00:00,0,0.0,0.0,0.0,0.0,0.0,0.0,0.0,0.0,0.0,0.0,0.46106157809485365
141285,2026-03-24 04:34:58+00:00,0,0.0,0.0,0.0,0.0,0.0,0.0,0.0,0.0,0.0,0.0,0.46106157809485365
64953,2026-03-24 07:16:41.786000+00:00,0,0.0,0.0,0.0,0.0,0.0,0.0,0.0,0.0,0.0,0.0,0.46106157809485365
141293,2026-03-24 19:07:56+00:00,0,0.0,0.0,0.0,0.0,0.0,0.0,0.0,0.0,0.0,0.0,0.46106157809485365
141297,2026-03-25 11:40:57+00:00,0,0.0,0.0,0.0,0.0,0.0,0.0,0.0,0.0,0.0,0.0,0.46106157809485365
54374,2026-03-27 20:46:45+00:00,0,0.0,0.0,0.0,0.0,0.0,0.0,0.0,0.0,0.0,0.0,0.46106157809485365
28846,2025-12-23 19:41:35+00:00,1,0.0,0.0,0.0,0.0,0.0,0.0,0.0,0.0,0.0,0.0,0.46106157809485365
141416,2026-03-31 05:37:44+00:00,0,0.0,0.0,0.0,0.0,0.0,0.0,0.0,0.0,0.0,0.0,0.46106157809485365
141439,2025-12-28 13:49:29+00:00,1,0.0,0.0,0.0,0.0,0.0,0.0,0.0,0.0,0.0,0.0,0.46106157809485365
141534,2026-12-03 10:19:39+00:00,0,0.0,0.0,0.0,0.0,0.0,0.0,0.0,0.0,0.0,0.0,0.46106157809485365
141536,2026-04-03 21:01:26+00:00,0,0.0,0.0,0.0,0.0,0.0,0.0,0.0,0.0,0.0,0.0,0.46106157809485365
141306,2026-01-07 21:37:37+00:00,1,0.0,0.0,0.0,0.0,0.0,0.0,0.0,0.0,0.0,0.0,0.46106157809485365
141581,2026-04-04 23:59:59.999999+00:00,0,0.0,0.0,0.0,0.0,0.0,0.0,0.0,0.0,0.0,0.0,0.46106157809485365
141588,0,0,0.0,0.0,0.0,0.0,0.0,0.0,0.0,0.0,0.0,0.0,0.46106157809485365
134484,2025-12-23 19:41:35+00:00,1,0.0,0.0,4.0,4.0,8.0,4.0,4.0,0.0,6.0,2.0,0.999998875212761
141702,2025-12-15 11:43:54+00:00,1,0.0,0.0,1.0,0.0,4.0,2.0,1.0,0.0,3.0,1.0,0.9953415694616706
141734,2026-04-12 13:41:12+00:00,0,0.0,0.0,0.0,0.0,0.0,0.0,0.0,0.0,0.0,0.0,0.46106157809485365
141828,2025-12-16 20:14:52+00:00,1,0.0,0.0,0.0,0.0,0.0,0.0,0.0,0.0,2.0,4.0,0.9974767443826681
58624,2025-12-16 20:14:52+00:00,1,0.0,0.0,0.0,0.0,0.0,0.0,0.0,0.0,0.0,0.0,0.46106157809485365
16215,2026-06-17 16:57:20+00:00,0,0.0,0.0,0.0,0.0,0.0,0.0,0.0,0.0,0.0,0.0,0.46106157809485365
141952,2026-01-02 18:57:47+00:00,1,0.0,0.0,0.0,0.0,0.0,0.0,0.0,0.0,0.0,0.0,0.46106157809485365
71261,2025-12-25 23:57:01+00:00,1,0.0,0.0,6.0,4.0,4.0,2.0,0.0,0.0,4.0,4.0,0.999999543994163
134767,2025-12-29 03:49:04+00:00,1,0.0,0.0,0.0,0.0,0.0,0.0,0.0,0.0,0.0,0.0,0.46106157809485365
32131,2026-04-26 15:32:52+00:00,0,0.0,0.0,0.0,0.0,0.0,0.0,0.0,0.0,0.0,0.0,0.46106157809485365
142185,2026-04-26 17:12:34+00:00,0,0.0,0.0,0.0,0.0,0.0,0.0,0.0,0.0,0.0,0.0,0.46106157809485365
19016,2026-04-27 19:25:38+00:00,0,0.0,0.0,0.0,0.0,0.0,0.0,0.0,0.0,0.0,0.0,0.46106157809485365
6353,2026-01-05 17:26:19+00:00,1,0.0,0.0,0.0,0.0,0.0,0.0,0.0,0.0,0.0,0.0,0.46106157809485365
57854,2026-04-09 23:59:59.999999+00:00,0,0.0,0.0,0.0,0.0,0.0,0.0,0.0,0.0,0.0,0.0,0.46106157809485365
142542,2026-01-07 00:13:24+00:00,1,0.0,0.0,0.0,0.0,0.0,0.0,0.0,0.0,0.0,0.0,0.46106157809485365
143550,2026-09-29 23:59:59.999999+00:00,0,0.0,0.0,0.0,0.0,0.0,0.0,0.0,0.0,0.0,0.0,0.46106157809485365
142730,2026-05-18 14:55:44+00:00,0,0.0,0.0,0.0,0.0,0.0,0.0,0.0,0.0,0.0,0.0,0.46106157809485365
142755,2026-01-07 16:58:54+00:00,1,0.0,0.0,0.0,0.0,0.0,0.0,0.0,0.0,0.0,0.0,0.46106157809485365
142761,2026-05-20 06:21:19+00:00,0,0.0,0.0,0.0,0.0,0.0,0.0,0.0,0.0,0.0,0.0,0.46106157809485365
142786,2026-01-07 12:46:14+00:00,1,0.0,0.0,0.0,0.0,0.0,0.0,0.0,0.0,0.0,0.0,0.46106157809485365
142800,2025-12-24 17:21:03+00:00,1,0.0,0.0,0.0,0.0,0.0,0.0,0.0,0.0,0.0,0.0,0.46106157809485365
49347,2026-01-09 21:21:53+00:00,0,0.0,0.0,0.0,0.0,0.0,0.0,0.0,0.0,0.0,0.0,0.46106157809485365
142301,2025-12-17 09:26:22+00:00,1,0.0,0.0,0.0,1.0,0.0,0.0,0.0,0.0,1.0,1.0,0.8838342530600627
142840,2026-07-31 23:59:59.999999+00:00,0,0.0,0.0,0.0,0.0,0.0,0.0,0.0,0.0,0.0,0.0,0.46106157809485365
142975,2026-01-08 20:38:50+00:00,1,0.0,0.0,0.0,0.0,0.0,0.0,0.0,0.0,0.0,0.0,0.46106157809485365
53303,2026-01-02 11:30:42+00:00,1,0.0,0.0,0.0,0.0,0.0,0.0,0.0,0.0,0.0,0.0,0.46106157809485365
12469,2026-07-31 23:59:59.999999+00:00,0,0.0,0.0,0.0,0.0,0.0,0.0,0.0,0.0,0.0,0.0,0.46106157809485365
39148,2026-06-06 14:58:35+00:00,0,0.0,0.0,0.0,0.0,0.0,0.0,0.0,0.0,0.0,0.0,0.46106157809485365
143222,2025-12-16 00:11:22+00:00,1,0.0,0.0,1.0,0.0,2.0,1.0,0.0,0.0,1.0,1.0,0.9624914721108448
143239,2026-06-07 21:01:53+00:00,0,0.0,0.0,0.0,0.0,0.0,0.0,0.0,0.0,0.0,0.0,0.46106157809485365
143218,2026-06-14 10:10:02+00:00,0,0.0,0.0,0.0,0.0,0.0,0.0,0.0,0.0,0.0,0.0,0.46106157809485365
143350,2026-01-01 18:37:54+00:00,1,0.0,0.0,0.0,0.0,0.0,0.0,0.0,0.0,0.0,0.0,0.46106157809485365
138775,2025-12-21 12:41:20+00:00,1,0.0,0.0,0.0,0.0,0.0,0.0,0.0,0.0,0.0,0.0,0.46106157809485365
14553,2025-12-17 10:05:35+00:00,1,0.0,0.0,0.0,0.0,0.0,0.0,0.0,0.0,0.0,0.0,0.46106157809485365
52844,2026-06-14 10:08:04+00:00,0,0.0,0.0,0.0,0.0,0.0,0.0,0.0,0.0,0.0,0.0,0.46106157809485365
143314,0,0,0.0,0.0,0.0,0.0,0.0,0.0,0.0,0.0,0.0,0.0,0.46106157809485365
143466,2025-12-24 07:23:50+00:00,1,1.0,1.0,1.0,0.0,0.0,0.0,0.0,0.0,0.0,1.0,0.9066165152386952
25397,2025-12-16 05:37:28+00:00,1,0.0,0.0,10.0,8.0,4.0,2.0,2.0,0.0,8.0,8.0,0.9999999999962221
126954,2026-01-03 21:20:15.885000+00:00,1,0.0,0.0,0.0,0.0,0.0,0.0,0.0,0.0,0.0,0.0,0.46106157809485365
154658,2026-01-04 00:33:47+00:00,1,0.0,0.0,0.0,0.0,0.0,0.0,0.0,0.0,0.0,0.0,0.46106157809485365
144317,2026-01-01 16:39:44.356000+00:00,1,0.0,0.0,0.0,0.0,0.0,0.0,0.0,0.0,0.0,0.0,0.46106157809485365
39008,2026-01-03 04:27:13.196000+00:00,1,0.0,0.0,0.0,0.0,0.0,0.0,0.0,0.0,0.0,0.0,0.46106157809485365
16660,2026-01-08 06:11:33+00:00,1,0.0,0.0,0.0,0.0,0.0,0.0,0.0,0.0,0.0,0.0,0.46106157809485365
145185,2025-12-15 02:24:41+00:00,1,0.0,0.0,0.0,0.0,0.0,0.0,0.0,0.0,0.0,0.0,0.46106157809485365
27845,2026-01-10 06:54:44+00:00,0,0.0,0.0,0.0,0.0,0.0,0.0,0.0,0.0,0.0,0.0,0.46106157809485365
140994,2026-09-13 16:40:20+00:00,0,0.0,0.0,0.0,0.0,0.0,0.0,0.0,0.0,0.0,0.0,0.46106157809485365
140994,2026-09-13 16:40:20+00:00,0,0.0,0.0,0.0,0.0,0.0,0.0,0.0,0.0,0.0,0.0,0.46106157809485365
145395,2025-12-18 14:16:44+00:00,1,1.0,1.0,7.0,1.0,6.0,3.0,0.0,0.0,7.0,6.0,0.9999999979418828
27031,2026-09-10 18:55:03+00:00,0,0.0,0.0,0.0,0.0,0.0,0.0,0.0,0.0,0.0,0.0,0.46106157809485365
139138,2026-08-21 23:59:59.999999+00:00,0,0.0,0.0,0.0,0.0,0.0,0.0,0.0,0.0,0.0,0.0,0.46106157809485365
141318,2025-12-25 23:37:32+00:00,1,0.0,0.0,0.0,0.0,0.0,0.0,0.0,0.0,0.0,0.0,0.46106157809485365
28218,2025-12-30 12:37:20+00:00,1,0.0,0.0,0.0,0.0,0.0,0.0,0.0,0.0,0.0,0.0,0.46106157809485365
145841,2026-07-16 06:02:11+00:00,0,0.0,0.0,0.0,0.0,0.0,0.0,0.0,0.0,0.0,0.0,0.46106157809485365
154439,2025-12-21 12:41:20+00:00,1,0.0,0.0,0.0,0.0,0.0,0.0,0.0,0.0,0.0,0.0,0.46106157809485365
76953,2026-07-31 23:59:59.999999+00:00,0,0.0,0.0,0.0,0.0,0.0,0.0,0.0,0.0,0.0,0.0,0.46106157809485365
138678,2026-07-31 23:59:59.999999+00:00,0,0.0,0.0,0.0,0.0,0.0,0.0,0.0,0.0,0.0,0.0,0.46106157809485365
55834,2026-07-31 23:59:59.999999+00:00,0,0.0,0.0,0.0,0.0,0.0,0.0,0.0,0.0,0.0,0.0,0.46106157809485365
3925,2026-07-31 23:59:59.999999+00:00,0,0.0,0.0,0.0,0.0,0.0,0.0,0.0,0.0,0.0,0.0,0.46106157809485365
143043,2026-08-05 23:59:59.999999+00:00,0,0.0,0.0,0.0,0.0,0.0,0.0,0.0,0.0,0.0,0.0,0.46106157809485365
146061,2025-12-24 17:56:54+00:00,1,0.0,0.0,4.0,3.0,0.0,0.0,0.0,0.0,0.0,2.0,0.9979345717476696
41467,2026-01-14 06:38:59+00:00,0,0.0,0.0,0.0,0.0,0.0,0.0,0.0,0.0,0.0,0.0,0.46106157809485365
145932,2026-08-19 23:59:59.999999+00:00,0,0.0,0.0,0.0,0.0,0.0,0.0,0.0,0.0,0.0,0.0,0.46106157809485365
141039,2026-08-06 23:59:59.999999+00:00,0,0.0,0.0,0.0,0.0,0.0,0.0,0.0,0.0,0.0,0.0,0.46106157809485365
75448,2025-12-26 13:38:03.914000+00:00,1,0.0,0.0,0.0,0.0,0.0,0.0,0.0,0.0,0.0,1.0,0.7418379457128289
146579,2025-12-23 18:02:38+00:00,1,0.0,0.0,0.0,0.0,0.0,0.0,0.0,0.0,0.0,0.0,0.46106157809485365
146629,2025-12-30 22:01:03+00:00,1,0.0,0.0,0.0,0.0,0.0,0.0,0.0,0.0,0.0,0.0,0.46106157809485365
32726,2026-01-25 05:35:20+00:00,0,0.0,0.0,0.0,0.0,0.0,0.0,0.0,0.0,0.0,0.0,0.46106157809485365
143421,2026-08-15 06:40:52+00:00,0,0.0,0.0,0.0,0.0,0.0,0.0,0.0,0.0,0.0,0.0,0.46106157809485365
146382,2026-01-04 16:43:03+00:00,1,0.0,0.0,0.0,0.0,0.0,0.0,0.0,0.0,0.0,0.0,0.46106157809485365
61728,2026-08-15 23:59:59.999999+00:00,0,0.0,0.0,0.0,0.0,0.0,0.0,0.0,0.0,0.0,0.0,0.46106157809485365
143430,2026-08-16 18:00:55+00:00,0,0.0,0.0,0.0,0.0,0.0,0.0,0.0,0.0,0.0,0.0,0.46106157809485365
141652,2026-01-04 12:57:18+00:00,1,0.0,0.0,0.0,0.0,0.0,0.0,0.0,0.0,0.0,0.0,0.46106157809485365
140380,2026-08-20 19:59:50+00:00,0,0.0,0.0,0.0,0.0,0.0,0.0,0.0,0.0,0.0,0.0,0.46106157809485365
28441,2026-08-21 06:06:27+00:00,0,0.0,0.0,0.0,0.0,0.0,0.0,0.0,0.0,0.0,0.0,0.46106157809485365
30929,2026-08-24 07:53:13+00:00,0,0.0,0.0,0.0,0.0,0.0,0.0,0.0,0.0,0.0,0.0,0.46106157809485365
145909,2026-08-25 16:26:20+00:00,0,0.0,0.0,0.0,0.0,0.0,0.0,0.0,0.0,0.0,0.0,0.46106157809485365
27031,2026-09-10 18:55:03+00:00,0,0.0,0.0,0.0,0.0,0.0,0.0,0.0,0.0,0.0,0.0,0.46106157809485365
62999,2026-01-04 21:15:23+00:00,1,0.0,0.0,0.0,0.0,0.0,0.0,0.0,0.0,0.0,0.0,0.46106157809485365
54263,2026-08-31 16:41:51+00:00,0,0.0,0.0,0.0,0.0,0.0,0.0,0.0,0.0,0.0,0.0,0.46106157809485365
34898,2026-10-05 23:59:59.999999+00:00,0,0.0,0.0,0.0,0.0,0.0,0.0,0.0,0.0,0.0,0.0,0.46106157809485365
144692,2026-01-04 11:29:20+00:00,1,0.0,0.0,0.0,0.0,0.0,0.0,0.0,0.0,0.0,0.0,0.46106157809485365
136015,2026-09-02 19:29:35.773000+00:00,0,0.0,0.0,0.0,0.0,0.0,0.0,0.0,0.0,0.0,0.0,0.46106157809485365
143603,2026-09-22 23:59:59.999999+00:00,0,0.0,0.0,0.0,0.0,0.0,0.0,0.0,0.0,0.0,0.0,0.46106157809485365
148650,2026-01-10 02:42:52+00:00,0,0.0,0.0,0.0,0.0,0.0,0.0,0.0,0.0,0.0,0.0,0.46106157809485365
50427,2026-01-12 11:54:51+00:00,0,0.0,0.0,0.0,0.0,0.0,0.0,0.0,0.0,0.0,0.0,0.46106157809485365
149464,2026-09-10 14:10:21+00:00,0,0.0,0.0,0.0,0.0,0.0,0.0,0.0,0.0,0.0,0.0,0.46106157809485365
143550,2026-09-29 23:59:59.999999+00:00,0,0.0,0.0,0.0,0.0,0.0,0.0,0.0,0.0,0.0,0.0,0.46106157809485365
140810,2025-12-15 11:36:44+00:00,1,5.0,5.0,1.0,1.0,0.0,0.0,0.0,0.0,2.0,0.0,0.990277876764233
108956,2026-09-10 09:51:03+00:00,0,0.0,0.0,0.0,0.0,0.0,0.0,0.0,0.0,0.0,0.0,0.46106157809485365
11224,2025-12-27 21:39:32+00:00,1,0.0,0.0,0.0,0.0,0.0,0.0,0.0,0.0,0.0,0.0,0.46106157809485365
134484,2025-12-23 19:41:35+00:00,1,0.0,0.0,4.0,4.0,8.0,4.0,4.0,0.0,6.0,2.0,0.999998875212761
150058,2026-09-19 20:38:56+00:00,0,0.0,0.0,0.0,0.0,0.0,0.0,0.0,0.0,0.0,0.0,0.46106157809485365
150234,2025-12-21 12:41:20+00:00,1,0.0,0.0,0.0,0.0,0.0,0.0,0.0,0.0,0.0,0.0,0.46106157809485365
35517,2025-12-24 10:52:46+00:00,1,0.0,0.0,0.0,0.0,0.0,0.0,0.0,0.0,0.0,0.0,0.46106157809485365
141292,2026-09-22 04:30:40.025000+00:00,0,0.0,0.0,0.0,0.0,0.0,0.0,0.0,0.0,0.0,0.0,0.46106157809485365
137921,2025-12-30 05:56:37+00:00,1,0.0,0.0,0.0,0.0,0.0,0.0,0.0,0.0,0.0,0.0,0.46106157809485365
73635,2025-12-26 04:21:09+00:00,1,0.0,0.0,0.0,0.0,0.0,0.0,0.0,0.0,0.0,0.0,0.46106157809485365
151480,2025-12-12 23:59:59.999999+00:00,1,2.0,2.0,4.0,3.0,0.0,0.0,0.0,0.0,1.0,1.0,0.9986213926229223
151601,2025-12-21 12:41:20+00:00,1,0.0,0.0,0.0,0.0,0.0,0.0,0.0,0.0,0.0,0.0,0.46106157809485365
151777,2026-01-11 18:05:40+00:00,0,0.0,0.0,0.0,0.0,0.0,0.0,0.0,0.0,0.0,0.0,0.46106157809485365
151913,2025-12-23 14:17:54+00:00,1,0.0,0.0,0.0,0.0,0.0,0.0,0.0,0.0,0.0,0.0,0.46106157809485365
148557,2027-06-01 23:59:59+00:00,0,0.0,0.0,0.0,0.0,0.0,0.0,0.0,0.0,0.0,0.0,0.46106157809485365
10109,2025-12-21 12:41:20+00:00,1,0.0,0.0,0.0,0.0,0.0,0.0,0.0,0.0,0.0,0.0,0.46106157809485365
152293,2026-01-04 03:13:51+00:00,1,0.0,0.0,0.0,0.0,0.0,0.0,0.0,0.0,0.0,0.0,0.46106157809485365
151074,2025-12-13 16:04:19+00:00,1,0.0,0.0,0.0,0.0,0.0,0.0,0.0,0.0,0.0,0.0,0.46106157809485365
41388,2026-10-23 08:46:19+00:00,0,0.0,0.0,0.0,0.0,0.0,0.0,0.0,0.0,0.0,0.0,0.46106157809485365
152772,2026-10-23 12:21:10+00:00,0,0.0,0.0,0.0,0.0,0.0,0.0,0.0,0.0,0.0,0.0,0.46106157809485365
59655,2026-10-25 18:10:44+00:00,0,0.0,0.0,0.0,0.0,0.0,0.0,0.0,0.0,0.0,0.0,0.46106157809485365
140025,2025-12-27 06:06:32+00:00,1,0.0,0.0,0.0,0.0,0.0,0.0,0.0,0.0,0.0,0.0,0.46106157809485365
153206,2026-10-30 23:59:59.999999+00:00,0,0.0,0.0,0.0,0.0,0.0,0.0,0.0,0.0,0.0,0.0,0.46106157809485365
142046,2026-01-03 20:32:58+00:00,1,0.0,0.0,0.0,0.0,0.0,0.0,0.0,0.0,0.0,0.0,0.46106157809485365
153285,2025-12-26 04:00:05+00:00,1,0.0,0.0,1.0,1.0,0.0,0.0,0.0,0.0,1.0,1.0,0.9405178852845735
153433,2026-01-02 09:12:22+00:00,1,0.0,0.0,0.0,0.0,0.0,0.0,0.0,0.0,0.0,0.0,0.46106157809485365
153444,2026-11-04 04:23:30+00:00,0,0.0,0.0,0.0,0.0,0.0,0.0,0.0,0.0,0.0,0.0,0.46106157809485365
153461,2026-01-12 04:13:24+00:00,0,0.0,0.0,0.0,0.0,0.0,0.0,0.0,0.0,0.0,0.0,0.46106157809485365
143194,2026-06-06 14:58:35+00:00,0,0.0,0.0,0.0,0.0,0.0,0.0,0.0,0.0,0.0,0.0,0.46106157809485365
55971,2026-11-05 20:17:11+00:00,0,0.0,0.0,0.0,0.0,0.0,0.0,0.0,0.0,0.0,0.0,0.46106157809485365
19251,2026-01-11 19:03:57+00:00,0,0.0,0.0,0.0,0.0,0.0,0.0,0.0,0.0,0.0,0.0,0.46106157809485365
153750,2025-12-20 15:32:54+00:00,1,0.0,0.0,0.0,0.0,0.0,0.0,0.0,0.0,0.0,0.0,0.46106157809485365
153853,2025-12-18 13:14:10+00:00,1,0.0,0.0,5.0,6.0,2.0,0.0,0.0,0.0,4.0,2.0,0.9999859432924377
151353,2026-01-10 23:59:59.999999+00:00,0,0.0,0.0,0.0,0.0,0.0,0.0,0.0,0.0,0.0,0.0,0.46106157809485365
153895,2025-12-14 09:49:24+00:00,1,0.0,0.0,0.0,0.0,0.0,0.0,0.0,0.0,0.0,0.0,0.46106157809485365
154584,2026-01-10 12:02:28+00:00,0,0.0,0.0,0.0,0.0,0.0,0.0,0.0,0.0,0.0,0.0,0.46106157809485365
153891,2025-12-23 17:38:32+00:00,1,1.0,1.0,4.0,1.0,2.0,1.0,4.0,0.0,3.0,3.0,0.9999561449391335
18650,2025-12-15 18:59:19+00:00,1,0.0,0.0,4.0,8.0,0.0,0.0,0.0,0.0,5.0,3.0,0.9999952649058228
153913,2026-11-20 23:59:59.999999+00:00,0,0.0,0.0,0.0,0.0,0.0,0.0,0.0,0.0,0.0,0.0,0.46106157809485365
154117,2025-12-14 23:59:59.999999+00:00,1,0.0,0.0,0.0,0.0,0.0,0.0,0.0,0.0,0.0,0.0,0.46106157809485365
154220,2025-12-26 23:59:59.999999+00:00,1,0.0,0.0,0.0,0.0,0.0,0.0,0.0,0.0,0.0,0.0,0.46106157809485365
154240,2026-01-14 06:38:59+00:00,0,0.0,0.0,0.0,0.0,0.0,0.0,0.0,0.0,0.0,0.0,0.46106157809485365
44241,2025-12-15 21:37:46+00:00,1,0.0,0.0,0.0,0.0,0.0,0.0,0.0,0.0,0.0,0.0,0.46106157809485365
154213,2025-12-21 04:55:48+00:00,1,0.0,0.0,0.0,0.0,0.0,0.0,0.0,0.0,0.0,0.0,0.46106157809485365
153568,2025-12-28 16:16:37+00:00,1,0.0,0.0,0.0,0.0,0.0,0.0,0.0,0.0,0.0,0.0,0.46106157809485365
128648,2025-12-21 19:40:39+00:00,1,0.0,0.0,0.0,0.0,0.0,0.0,0.0,0.0,0.0,0.0,0.46106157809485365
154549,2026-11-28 18:30:35+00:00,0,0.0,0.0,0.0,0.0,0.0,0.0,0.0,0.0,0.0,0.0,0.46106157809485365
129017,2026-05-28 16:32:55+00:00,0,0.0,0.0,0.0,0.0,0.0,0.0,0.0,0.0,0.0,0.0,0.46106157809485365
140036,2026-12-03 18:37:00.688000+00:00,0,0.0,0.0,0.0,0.0,0.0,0.0,0.0,0.0,0.0,0.0,0.46106157809485365
59,2025-12-21 12:41:20+00:00,1,0.0,0.0,4.0,6.0,4.0,10.0,0.0,0.0,4.0,4.0,0.9999996047729279
153646,2025-12-25 04:40:00+00:00,1,0.0,0.0,0.0,0.0,0.0,0.0,0.0,0.0,0.0,0.0,0.46106157809485365
154585,2025-12-27 13:14:31+00:00,1,0.0,0.0,0.0,0.0,0.0,0.0,0.0,0.0,0.0,0.0,0.46106157809485365
154569,2025-12-26 23:59:59.999999+00:00,1,0.0,0.0,0.0,0.0,0.0,0.0,0.0,0.0,0.0,0.0,0.46106157809485365
154675,2025-12-30 22:42:38+00:00,1,0.0,0.0,0.0,0.0,0.0,0.0,0.0,0.0,0.0,0.0,0.46106157809485365
154104,2026-01-04 04:11:58+00:00,1,0.0,0.0,0.0,0.0,0.0,0.0,0.0,0.0,0.0,0.0,0.46106157809485365
154727,2025-12-21 12:41:20+00:00,1,0.0,0.0,0.0,0.0,0.0,0.0,0.0,0.0,0.0,0.0,0.46106157809485365
127326,2026-01-28 20:29:51+00:00,0,0.0,0.0,0.0,0.0,0.0,0.0,0.0,0.0,0.0,0.0,0.46106157809485365
154753,2025-12-16 20:14:52+00:00,1,0.0,0.0,0.0,0.0,0.0,0.0,0.0,0.0,0.0,0.0,0.46106157809485365
154754,2025-12-16 20:14:52+00:00,1,0.0,0.0,0.0,0.0,0.0,0.0,0.0,0.0,0.0,0.0,0.46106157809485365
154761,2026-01-01 18:08:40.677000+00:00,1,0.0,0.0,0.0,0.0,0.0,0.0,0.0,0.0,0.0,0.0,0.46106157809485365
142682,2026-01-07 05:28:52+00:00,1,0.0,0.0,0.0,0.0,0.0,0.0,0.0,0.0,0.0,0.0,0.46106157809485365
59,2025-12-21 12:41:20+00:00,1,0.0,0.0,4.0,6.0,4.0,10.0,0.0,0.0,4.0,4.0,0.9999996047729279
143196,2026-12-03 18:37:00.688000+00:00,0,0.0,0.0,0.0,0.0,0.0,0.0,0.0,0.0,0.0,0.0,0.46106157809485365
147028,2026-01-03 09:04:42+00:00,1,0.0,0.0,0.0,0.0,0.0,0.0,0.0,0.0,0.0,0.0,0.46106157809485365
153595,2025-12-26 09:16:53+00:00,1,0.0,0.0,0.0,0.0,0.0,0.0,0.0,0.0,0.0,0.0,0.46106157809485365
154908,2026-01-09 13:03:50+00:00,1,0.0,0.0,0.0,0.0,0.0,0.0,0.0,0.0,0.0,0.0,0.46106157809485365
154489,2025-12-12 20:38:57+00:00,1,0.0,0.0,0.0,0.0,0.0,0.0,0.0,0.0,0.0,0.0,0.46106157809485365
154945,2026-07-15 14:25:32+00:00,0,0.0,0.0,0.0,0.0,0.0,0.0,0.0,0.0,0.0,0.0,0.46106157809485365
55441,2026-01-09 02:53:00+00:00,1,0.0,0.0,0.0,0.0,0.0,0.0,0.0,0.0,0.0,0.0,0.46106157809485365
155218,2025-12-14 06:08:34+00:00,1,0.0,0.0,0.0,0.0,0.0,0.0,0.0,0.0,0.0,0.0,0.46106157809485365
142664,2026-03-12 23:59:59+00:00,0,0.0,0.0,0.0,0.0,0.0,0.0,0.0,0.0,0.0,0.0,0.46106157809485365
155222,2026-01-10 15:04:42+00:00,0,0.0,0.0,0.0,0.0,0.0,0.0,0.0,0.0,0.0,0.0,0.46106157809485365
