"user_id","PaymentDate","payment_status","premium_expires_at"
"146985","2025-09-02 09:08:08","payment_success","2025-09-03T08:03:13.000000+0000"
"148348","2025-09-02 15:13:42","payment_success","null"
"148486","2025-09-03 08:48:16","payment_success",\N
"148485","2025-09-03 09:32:23","payment_success","2025-09-04T08:03:13.000000+0000"
"148485","2025-09-03 09:32:23","payment_success","2025-11-24T08:36:16.000000+0000"
"148292","2025-09-03 10:48:15","payment_success","2025-09-01T11:07:40.688000+0000"
"148534","2025-09-03 11:33:11","payment_success","null"
"148539","2025-09-03 11:45:03","payment_success","null"
"148539","2025-09-03 11:45:03","payment_success","null"
"148539","2025-09-03 11:45:03","payment_success","null"
"148539","2025-09-03 11:45:33","payment_success","null"
"148539","2025-09-03 11:45:33","payment_success","null"
"148539","2025-09-03 11:45:33","payment_success","null"
"148292","2025-09-03 12:26:12","payment_success","2025-09-01T11:07:40.688000+0000"
"148348","2025-09-03 13:29:21","payment_success","null"
"148348","2025-09-03 13:30:52","payment_success","null"
"13073","2025-09-04 00:32:13","payment_success","2023-04-23T23:59:59.999999+0000"
"148700","2025-09-04 07:33:39","payment_success",\N
"148700","2025-09-04 07:35:45","payment_success",\N
"6658","2025-09-04 08:06:58","payment_success",\N
"148573","2025-09-04 08:59:00","payment_success",\N
"148573","2025-09-04 09:01:14","payment_success",\N
"148509","2025-09-04 12:26:05","payment_success","null"
"148573","2025-09-04 14:31:26","payment_success",\N
"51804","2025-09-04 18:46:00","payment_success",\N
"145660","2025-09-04 20:47:18","payment_success","null"
"145660","2025-09-04 20:50:37","payment_success","null"
"139669","2025-09-05 00:45:29","payment_success","2025-10-05T00:56:14.000000+0000"
"139669","2025-09-05 00:45:29","payment_success","2025-01-24T23:32:59.000000+0000"
"139669","2025-09-05 00:52:41","payment_success","2025-10-05T00:56:14.000000+0000"
"139669","2025-09-05 00:52:41","payment_success","2025-01-24T23:32:59.000000+0000"
"139669","2025-09-05 00:56:19","payment_success","2025-10-05T00:56:14.000000+0000"
"139669","2025-09-05 00:56:19","payment_success","2025-01-24T23:32:59.000000+0000"
"62894","2025-09-05 01:32:43","payment_success","2026-08-29T04:28:47.000000+0000"
"62894","2025-09-05 01:32:43","payment_success","2026-08-29T04:28:47.000000+0000"
"71519","2025-09-05 05:14:45","payment_success","2026-01-04T17:59:54.000000+0000"
"141070","2025-09-05 06:53:36","payment_success","2025-10-04T02:40:00.000000+0000"
"141070","2025-09-05 06:53:36","payment_success","2025-10-04T02:40:00.000000+0000"
"136287","2025-09-05 06:59:22","payment_success","2025-12-13T04:43:04.000000+0000"
"136287","2025-09-05 06:59:22","payment_success","2025-11-13T04:43:04.000000+0000"
"61330","2025-09-05 08:38:30","payment_success",\N
"149025","2025-09-05 11:35:16","payment_success",\N
"148126","2025-09-05 16:20:33","payment_success","2025-10-17T17:56:05.000000+0000"
"149008","2025-09-05 17:26:26","payment_success","2025-10-05T04:44:04.000000+0000"
"149008","2025-09-05 17:26:26","payment_success","2025-10-05T04:44:04.000000+0000"
"41409","2025-09-05 17:46:30","payment_success",\N
"149134","2025-09-05 19:16:05","payment_success",\N
"135881","2025-09-06 00:20:35","payment_success","2024-12-14T23:59:59.999999+0000"
"8894","2025-09-06 01:14:11","payment_success","2026-01-06T02:13:37.000000+0000"
"67425","2025-09-06 03:09:24","payment_success","2025-07-22T05:12:02.000000+0000"
"67425","2025-09-06 03:10:19","payment_success","2025-07-22T05:12:02.000000+0000"
"67425","2025-09-06 03:14:19","payment_success","2025-07-22T05:12:02.000000+0000"
"448","2025-09-06 05:20:56","payment_success","2024-12-14T23:59:59.999999+0000"
"448","2025-09-06 05:21:10","payment_success","2024-12-14T23:59:59.999999+0000"
"448","2025-09-06 05:26:00","payment_success","2024-12-14T23:59:59.999999+0000"
"448","2025-09-06 05:27:03","payment_success","2024-12-14T23:59:59.999999+0000"
"74013","2025-09-06 05:50:20","payment_success","2025-10-06T05:52:31.000000+0000"
"74013","2025-09-06 05:52:18","payment_success","2025-10-06T05:52:31.000000+0000"
"74013","2025-09-06 05:52:55","payment_success","2025-10-06T05:52:31.000000+0000"
"43233","2025-09-06 06:42:59","payment_success",\N
"148360","2025-09-06 06:43:33","payment_success",\N
"149251","2025-09-06 07:16:44","payment_success",\N
"149251","2025-09-06 07:16:55","payment_success",\N
"7436","2025-09-06 08:00:20","payment_success","2024-11-05T13:38:12.000000+0000"
"149256","2025-09-06 08:17:00","payment_success",\N
"149251","2025-09-06 10:35:50","payment_success",\N
"67425","2025-09-06 11:38:31","payment_success","2025-07-22T05:12:02.000000+0000"
"55115","2025-09-06 13:08:56","payment_success","2025-11-09T14:08:50.000000+0000"
"148126","2025-09-06 14:03:06","payment_success","2025-10-17T17:56:05.000000+0000"
"141533","2025-09-06 14:35:47","payment_success","null"
"141533","2025-09-06 14:35:55","payment_success","null"
"141533","2025-09-06 14:36:04","payment_success","null"
"141533","2025-09-06 14:36:16","payment_success","null"
"39336","2025-09-06 15:04:13","payment_success","2025-12-04T22:38:47.000000+0000"
"39336","2025-09-06 15:05:57","payment_success","2025-12-04T22:38:47.000000+0000"
"57844","2025-09-06 17:10:23","payment_success","2024-01-17T02:30:24.000000+0000"
"145344","2025-09-06 17:16:28","payment_success","2025-07-20T22:18:29.000000+0000"
"39338","2025-09-06 17:31:35","payment_success","2026-01-02T15:29:36.000000+0000"
"28623","2025-09-06 19:20:11","payment_success","2024-04-20T15:09:10.000000+0000"
"28623","2025-09-06 19:22:02","payment_success","2024-04-20T15:09:10.000000+0000"
"131262","2025-09-07 04:05:20","payment_success",\N
"19284","2025-09-07 04:20:28","payment_success","2025-04-10T07:53:13.000000+0000"
"148650","2025-09-07 04:35:20","payment_success","2026-01-10T02:42:52.000000+0000"
"44773","2025-09-07 04:59:59","payment_success","2026-01-06T02:22:46.000000+0000"
"6658","2025-09-07 06:29:18","payment_success",\N
"11002","2025-09-07 08:04:50","payment_success","2025-07-20T07:17:10.000000+0000"
"141416","2025-09-07 08:26:24","payment_success","2026-03-31T05:37:44.000000+0000"
"141416","2025-09-07 08:26:43","payment_success","2026-03-31T05:37:44.000000+0000"
"141416","2025-09-07 08:26:55","payment_success","2026-03-31T05:37:44.000000+0000"
"19284","2025-09-07 10:03:43","payment_success","2025-04-10T07:53:13.000000+0000"
"16084","2025-09-07 11:09:59","payment_success","2025-11-07T12:09:50.000000+0000"
"149335","2025-09-07 14:10:41","payment_success",\N
"69702","2025-09-07 14:41:47","payment_success",\N
"141070","2025-09-07 15:39:32","payment_success","2025-10-04T02:40:00.000000+0000"
"141070","2025-09-07 15:39:32","payment_success","2025-10-04T02:40:00.000000+0000"
"141070","2025-09-07 15:41:36","payment_success","2025-10-04T02:40:00.000000+0000"
"141070","2025-09-07 15:41:36","payment_success","2025-10-04T02:40:00.000000+0000"
"141070","2025-09-07 15:43:11","payment_success","2025-10-04T02:40:00.000000+0000"
"141070","2025-09-07 15:43:11","payment_success","2025-10-04T02:40:00.000000+0000"
"141070","2025-09-07 15:51:48","payment_success","2025-10-04T02:40:00.000000+0000"
"141070","2025-09-07 15:51:48","payment_success","2025-10-04T02:40:00.000000+0000"
"19054","2025-09-07 16:05:37","payment_success","2025-12-13T00:59:26.000000+0000"
"19054","2025-09-07 16:17:46","payment_success","2025-12-13T00:59:26.000000+0000"
"30928","2025-09-07 16:49:47","payment_success","2026-08-16T11:20:05.000000+0000"
"30928","2025-09-07 16:50:28","payment_success","2026-08-16T11:20:05.000000+0000"
"149345","2025-09-07 16:56:10","payment_success","2025-09-10T16:56:00.000000+0000"
"142672","2025-09-07 17:08:39","payment_success",\N
"149350","2025-09-07 17:58:07","payment_success",\N
"25109","2025-09-07 19:34:09","payment_success","2023-08-30T19:57:36.000000+0000"
"145185","2025-09-07 20:06:35","payment_success","2025-12-15T02:24:41.000000+0000"
"145185","2025-09-07 20:08:03","payment_success","2025-12-15T02:24:41.000000+0000"
"66974","2025-09-07 20:46:34","payment_success","2024-11-17T23:32:36.000000+0000"
"66974","2025-09-07 20:49:30","payment_success","2024-11-17T23:32:36.000000+0000"
"74942","2025-09-07 21:05:08","payment_success","2026-01-07T22:05:04.000000+0000"
"149376","2025-09-07 23:29:40","payment_success",\N
"1225","2025-09-08 02:21:47","payment_success","2026-07-15T11:09:08.000000+0000"
"1225","2025-09-08 02:24:38","payment_success","2026-07-15T11:09:08.000000+0000"
"626","2025-09-08 03:44:48","payment_success","2026-09-08T03:44:41.000000+0000"
"29575","2025-09-08 03:50:55","payment_success","2025-12-21T18:34:10.000000+0000"
"29575","2025-09-08 03:56:47","payment_success","2025-12-21T18:34:10.000000+0000"
"141052","2025-09-08 04:10:57","payment_success",\N
"51421","2025-09-08 06:58:48","payment_success","2024-01-06T05:50:48.000000+0000"
"26724","2025-09-08 07:14:04","payment_success","2025-09-11T07:13:57.000000+0000"
"448","2025-09-08 08:02:43","payment_success","2024-12-14T23:59:59.999999+0000"
"63763","2025-09-08 08:31:39","payment_success","2026-01-09T06:08:13.000000+0000"
"25038","2025-09-08 10:34:03","payment_success",\N
"142206","2025-09-08 10:42:48","payment_success","2025-05-30T18:32:32.000000+0000"
"142206","2025-09-08 10:48:54","payment_success","2025-05-30T18:32:32.000000+0000"
"142206","2025-09-08 12:06:18","payment_success","2025-05-30T18:32:32.000000+0000"
"142206","2025-09-08 12:07:40","payment_success","2025-05-30T18:32:32.000000+0000"
"142206","2025-09-08 12:08:38","payment_success","2025-05-30T18:32:32.000000+0000"
"141070","2025-09-08 13:34:15","payment_success","2025-10-04T02:40:00.000000+0000"
"141070","2025-09-08 13:34:15","payment_success","2025-10-04T02:40:00.000000+0000"
"129806","2025-09-08 15:02:52","payment_success","2026-01-10T21:52:47.000000+0000"
"129806","2025-09-08 15:02:52","payment_success","2025-11-10T21:52:47.000000+0000"
"129806","2025-09-08 15:03:01","payment_success","2026-01-10T21:52:47.000000+0000"
"129806","2025-09-08 15:03:01","payment_success","2025-11-10T21:52:47.000000+0000"
"129806","2025-09-08 15:03:13","payment_success","2026-01-10T21:52:47.000000+0000"
"129806","2025-09-08 15:03:13","payment_success","2025-11-10T21:52:47.000000+0000"
"27598","2025-09-08 16:42:02","payment_success","2026-09-08T23:59:59.999999+0000"
"57482","2025-09-08 16:56:00","payment_success",\N
"27598","2025-09-08 18:12:57","payment_success","2026-09-08T23:59:59.999999+0000"
"149437","2025-09-08 19:20:33","payment_success",\N
"42126","2025-09-08 21:25:54","payment_success","2026-01-03T13:12:36.000000+0000"
"42126","2025-09-08 22:13:27","payment_success","2026-01-03T13:12:36.000000+0000"
"128235","2025-09-09 03:00:54","payment_success","2025-10-09T03:00:46.000000+0000"
"149272","2025-09-09 06:04:51","payment_success","null"
"149464","2025-09-09 08:08:47","payment_success","2026-09-10T14:10:21.000000+0000"
"149471","2025-09-09 08:35:38","payment_success",\N
"149464","2025-09-09 10:07:57","payment_success","2026-09-10T14:10:21.000000+0000"
"137984","2025-09-09 10:33:41","payment_success","2025-10-09T10:37:47.000000+0000"
"137984","2025-09-09 10:37:55","payment_success","2025-10-09T10:37:47.000000+0000"
"143550","2025-09-09 11:28:35","payment_success","2026-09-29T23:59:59.999999+0000"
"143550","2025-09-09 11:28:35","payment_success","2026-09-29T23:59:59.999999+0000"
"149487","2025-09-09 11:51:26","payment_success",\N
"45392","2025-09-09 12:21:07","payment_success","2024-11-15T05:44:08.000000+0000"
"149475","2025-09-09 12:33:25","payment_success","2025-10-22T23:59:59.999999+0000"
"149475","2025-09-09 12:34:36","payment_success","2025-10-22T23:59:59.999999+0000"
"149475","2025-09-09 13:08:52","payment_success","2025-10-22T23:59:59.999999+0000"
"139433","2025-09-09 14:10:28","payment_success",\N
"57537","2025-09-09 15:20:51","payment_success","2026-09-09T16:19:05.000000+0000"
"57537","2025-09-09 15:24:21","payment_success","2026-09-09T16:19:05.000000+0000"
"28997","2025-09-09 16:13:24","payment_success",\N
"57537","2025-09-09 16:19:16","payment_success","2026-09-09T16:19:05.000000+0000"
"141070","2025-09-09 19:10:03","payment_success","2025-10-04T02:40:00.000000+0000"
"141070","2025-09-09 19:10:03","payment_success","2025-10-04T02:40:00.000000+0000"
"141070","2025-09-09 19:11:00","payment_success","2025-10-04T02:40:00.000000+0000"
"141070","2025-09-09 19:11:00","payment_success","2025-10-04T02:40:00.000000+0000"
"141070","2025-09-09 19:11:59","payment_success","2025-10-04T02:40:00.000000+0000"
"141070","2025-09-09 19:11:59","payment_success","2025-10-04T02:40:00.000000+0000"
"139354","2025-09-09 19:14:42","payment_success","2025-10-04T02:40:00.000000+0000"
"147156","2025-09-09 19:30:40","payment_success",\N
"139354","2025-09-10 05:15:31","payment_success","2025-10-04T02:40:00.000000+0000"
"139354","2025-09-10 05:28:18","payment_success","2025-10-04T02:40:00.000000+0000"
"71519","2025-09-10 06:34:33","payment_success","2026-01-04T17:59:54.000000+0000"
"139349","2025-09-10 07:11:10","payment_success","2025-10-10T07:10:56.000000+0000"
"140810","2025-09-10 09:06:19","payment_success","2025-12-15T11:36:44.000000+0000"
"140810","2025-09-10 09:07:05","payment_success","2025-12-15T11:36:44.000000+0000"
"140810","2025-09-10 09:09:35","payment_success","2025-12-15T11:36:44.000000+0000"
"140810","2025-09-10 09:09:45","payment_success","2025-12-15T11:36:44.000000+0000"
"108956","2025-09-10 09:48:13","payment_success","2026-09-10T09:51:03.000000+0000"
"108956","2025-09-10 09:48:47","payment_success","2026-09-10T09:51:03.000000+0000"
"108956","2025-09-10 09:50:39","payment_success","2026-09-10T09:51:03.000000+0000"
"149464","2025-09-10 14:10:28","payment_success","2026-09-10T14:10:21.000000+0000"
"138802","2025-09-10 14:29:26","payment_success","2025-10-11T13:48:25.000000+0000"
"138802","2025-09-10 14:29:26","payment_success","2025-10-11T13:48:25.000000+0000"
"138802","2025-09-10 14:29:42","payment_success","2025-10-11T13:48:25.000000+0000"
"138802","2025-09-10 14:29:42","payment_success","2025-10-11T13:48:25.000000+0000"
"149464","2025-09-10 14:31:39","payment_success","2026-09-10T14:10:21.000000+0000"
"6262","2025-09-10 15:57:35","payment_success",\N
"27031","2025-09-10 18:55:10","payment_success","2026-09-10T18:55:03.000000+0000"
"27031","2025-09-10 18:55:10","payment_success","2026-09-10T18:55:03.000000+0000"
"149586","2025-09-10 19:38:51","payment_success",\N
"140778","2025-09-10 20:50:21","payment_success",\N
"149567","2025-09-10 21:26:45","payment_success","2025-10-13T16:35:44.000000+0000"
"149567","2025-09-10 21:30:27","payment_success","2025-10-13T16:35:44.000000+0000"
"65782","2025-09-11 01:26:37","payment_success","2025-02-27T10:30:08.000000+0000"
"29575","2025-09-11 05:00:36","payment_success","2025-12-21T18:34:10.000000+0000"
"28623","2025-09-11 10:25:11","payment_success","2024-04-20T15:09:10.000000+0000"
"149397","2025-09-11 10:33:14","payment_success",\N
"35178","2025-09-11 12:33:18","payment_success",\N
"35178","2025-09-11 12:34:13","payment_success",\N
"138802","2025-09-11 13:48:32","payment_success","2025-10-11T13:48:25.000000+0000"
"138802","2025-09-11 13:48:32","payment_success","2025-10-11T13:48:25.000000+0000"
"138802","2025-09-11 14:19:11","payment_success","2025-10-11T13:48:25.000000+0000"
"138802","2025-09-11 14:19:11","payment_success","2025-10-11T13:48:25.000000+0000"
"138237","2025-09-11 14:28:31","payment_success","2025-12-20T20:50:11.000000+0000"
"73095","2025-09-11 21:06:02","payment_success",\N
"49017","2025-09-12 05:17:59","payment_success","2023-11-14T09:34:40.000000+0000"
"149659","2025-09-12 05:31:33","payment_success",\N
"149659","2025-09-12 06:59:03","payment_success",\N
"27746","2025-09-12 09:45:07","payment_success","null"
"27746","2025-09-12 11:39:28","payment_success","null"
"149025","2025-09-12 12:55:56","payment_success",\N
"127868","2025-09-12 13:18:53","payment_success","2025-12-18T08:03:05.000000+0000"
"127868","2025-09-12 13:18:53","payment_success","2025-12-18T08:03:05.000000+0000"
"127868","2025-09-12 13:24:43","payment_success","2025-12-18T08:03:05.000000+0000"
"127868","2025-09-12 13:24:43","payment_success","2025-12-18T08:03:05.000000+0000"
"141697","2025-09-12 13:26:49","payment_success",\N
"26944","2025-09-12 16:40:41","payment_success","2025-03-14T13:39:12.000000+0000"
"26944","2025-09-12 16:46:59","payment_success","2025-03-14T13:39:12.000000+0000"
"149702","2025-09-12 16:52:18","payment_success",\N
"27746","2025-09-12 17:33:07","payment_success","null"
"26724","2025-09-12 17:54:37","payment_success","2025-09-11T07:13:57.000000+0000"
"26724","2025-09-12 17:55:28","payment_success","2025-09-11T07:13:57.000000+0000"
"147328","2025-09-12 17:58:21","payment_success",\N
"136287","2025-09-13 03:52:16","payment_success","2025-12-13T04:43:04.000000+0000"
"136287","2025-09-13 03:52:16","payment_success","2025-11-13T04:43:04.000000+0000"
"141171","2025-09-13 05:07:56","payment_success","2025-12-13T06:13:32.000000+0000"
"141171","2025-09-13 05:11:05","payment_success","2025-12-13T06:13:32.000000+0000"
"141171","2025-09-13 05:12:46","payment_success","2025-12-13T06:13:32.000000+0000"
"141171","2025-09-13 05:13:44","payment_success","2025-12-13T06:13:32.000000+0000"
"25256","2025-09-13 08:36:24","payment_success","2026-01-04T21:47:33.000000+0000"
"27430","2025-09-13 08:36:46","payment_success","2025-12-18T11:40:06.000000+0000"
"25256","2025-09-13 08:36:58","payment_success","2026-01-04T21:47:33.000000+0000"
"27430","2025-09-13 08:37:20","payment_success","2025-12-18T11:40:06.000000+0000"
"25256","2025-09-13 08:38:34","payment_success","2026-01-04T21:47:33.000000+0000"
"129357","2025-09-13 09:34:32","payment_success","2025-10-11T19:26:48.000000+0000"
"149713","2025-09-13 10:19:50","payment_success",\N
"140994","2025-09-13 16:40:01","payment_success","2026-09-13T16:40:20.000000+0000"
"140994","2025-09-13 16:40:01","payment_success","2026-09-13T16:40:20.000000+0000"
"140994","2025-09-13 16:40:29","payment_success","2026-09-13T16:40:20.000000+0000"
"140994","2025-09-13 16:40:29","payment_success","2026-09-13T16:40:20.000000+0000"
"139315","2025-09-13 18:15:45","payment_success",\N
"139309","2025-09-13 18:23:58","payment_success","null"
"139309","2025-09-13 18:24:35","payment_success","null"
"11224","2025-09-13 18:56:30","payment_success","2025-12-27T21:39:32.000000+0000"
"11224","2025-09-13 18:58:21","payment_success","2025-12-27T21:39:32.000000+0000"
"11224","2025-09-13 18:59:37","payment_success","2025-12-27T21:39:32.000000+0000"
"11224","2025-09-13 19:03:39","payment_success","2025-12-27T21:39:32.000000+0000"
"46500","2025-09-14 04:19:58","payment_success","2025-12-29T02:32:22.000000+0000"
"140280","2025-09-14 09:30:20","payment_success","2024-12-27T14:30:57.000000+0000"
"127868","2025-09-14 11:30:58","payment_success","2025-12-18T08:03:05.000000+0000"
"127868","2025-09-14 11:30:58","payment_success","2025-12-18T08:03:05.000000+0000"
"139354","2025-09-14 15:05:00","payment_success","2025-10-04T02:40:00.000000+0000"
"49017","2025-09-14 19:08:09","payment_success","2023-11-14T09:34:40.000000+0000"
"49017","2025-09-14 19:09:25","payment_success","2023-11-14T09:34:40.000000+0000"
"53090","2025-09-14 20:09:17","payment_success",\N
"41186","2025-09-14 20:46:13","payment_success",\N
"144720","2025-09-14 20:49:34","payment_success",\N
"147022","2025-09-15 01:29:21","payment_success",\N
"147022","2025-09-15 01:30:27","payment_success",\N
"147022","2025-09-15 01:30:57","payment_success",\N
"147022","2025-09-15 01:39:10","payment_success",\N
"147022","2025-09-15 02:40:40","payment_success",\N
"61231","2025-09-15 04:06:58","payment_success","2024-10-10T05:10:08.000000+0000"
"149904","2025-09-15 06:04:25","payment_success","2025-09-18T06:04:19.000000+0000"
"49388","2025-09-15 06:07:45","payment_success","2025-12-15T07:07:39.000000+0000"
"63912","2025-09-15 06:37:41","payment_success",\N
"134484","2025-09-15 10:01:43","payment_success","2025-12-23T19:41:35.000000+0000"
"134484","2025-09-15 10:01:43","payment_success","2025-12-23T19:41:35.000000+0000"
"149613","2025-09-15 10:17:54","payment_success","2025-12-15T11:18:29.000000+0000"
"149613","2025-09-15 10:17:54","payment_success","2025-10-15T10:18:29.000000+0000"
"149613","2025-09-15 10:18:35","payment_success","2025-12-15T11:18:29.000000+0000"
"149613","2025-09-15 10:18:35","payment_success","2025-10-15T10:18:29.000000+0000"
"149922","2025-09-15 10:55:41","payment_success","null"
"149922","2025-09-15 10:56:23","payment_success","null"
"149922","2025-09-15 11:22:23","payment_success","null"
"149924","2025-09-15 11:22:29","payment_success",\N
"149924","2025-09-15 11:24:09","payment_success",\N
"149925","2025-09-15 11:35:08","payment_success",\N
"149475","2025-09-15 15:12:51","payment_success","2025-10-22T23:59:59.999999+0000"
"149789","2025-09-15 16:56:08","payment_success",\N
"149663","2025-09-15 17:08:23","payment_success","null"
"43788","2025-09-15 18:46:39","payment_success","2026-09-15T18:46:53.000000+0000"
"43788","2025-09-15 18:47:01","payment_success","2026-09-15T18:46:53.000000+0000"
"126718","2025-09-15 19:35:31","payment_success",\N
"64362","2025-09-16 04:53:40","payment_success",\N
"24915","2025-09-16 08:12:15","payment_success","2026-09-16T08:15:26.000000+0000"
"24915","2025-09-16 08:15:42","payment_success","2026-09-16T08:15:26.000000+0000"
"7492","2025-09-16 09:38:12","payment_success",\N
"150000","2025-09-16 11:27:58","payment_success",\N
"149999","2025-09-16 11:59:37","payment_success","null"
"141238","2025-09-16 12:19:01","payment_success","2025-12-26T09:16:53.000000+0000"
"141238","2025-09-16 12:19:01","payment_success","2025-09-17T11:50:06.000000+0000"
"150008","2025-09-16 12:32:21","payment_success","null"
"150010","2025-09-16 12:45:05","payment_success","null"
"23437","2025-09-16 13:25:22","payment_success","2025-10-16T13:26:13.000000+0000"
"23437","2025-09-16 13:26:24","payment_success","2025-10-16T13:26:13.000000+0000"
"6262","2025-09-16 13:56:54","payment_success",\N
"150034","2025-09-16 17:18:20","payment_success",\N
"150034","2025-09-16 17:21:16","payment_success",\N
"138520","2025-09-16 18:06:15","payment_success","2026-01-11T18:21:49.000000+0000"
"138520","2025-09-16 18:06:15","payment_success","2026-01-11T18:21:49.000000+0000"
"138520","2025-09-16 19:05:39","payment_success","2026-01-11T18:21:49.000000+0000"
"138520","2025-09-16 19:05:39","payment_success","2026-01-11T18:21:49.000000+0000"
"140745","2025-09-16 20:27:25","payment_success","2025-12-15T21:37:46.000000+0000"
"140745","2025-09-16 20:27:25","payment_success","2025-09-16T15:55:28.000000+0000"
"34012","2025-09-16 20:28:00","payment_success","2024-10-19T06:07:36.000000+0000"
"128246","2025-09-16 21:09:42","payment_success",\N
"135881","2025-09-16 23:09:16","payment_success","2024-12-14T23:59:59.999999+0000"
"150058","2025-09-17 07:03:14","payment_success","2026-09-19T20:38:56.000000+0000"
"149025","2025-09-17 07:40:02","payment_success",\N
"150080","2025-09-17 07:58:02","payment_success",\N
"150084","2025-09-17 08:27:23","payment_success",\N
"150055","2025-09-17 09:18:04","payment_success",\N
"61370","2025-09-17 13:00:46","payment_success","2025-10-17T13:10:07.000000+0000"
"61370","2025-09-17 13:07:46","payment_success","2025-10-17T13:10:07.000000+0000"
"61370","2025-09-17 13:10:18","payment_success","2025-10-17T13:10:07.000000+0000"
"150058","2025-09-17 13:58:40","payment_success","2026-09-19T20:38:56.000000+0000"
"28623","2025-09-17 14:40:29","payment_success","2024-04-20T15:09:10.000000+0000"
"28623","2025-09-17 14:41:49","payment_success","2024-04-20T15:09:10.000000+0000"
"49143","2025-09-17 15:15:01","payment_success","2025-10-17T15:21:49.000000+0000"
"49143","2025-09-17 15:33:56","payment_success","2025-10-17T15:21:49.000000+0000"
"44218","2025-09-17 16:24:13","payment_success",\N
"148126","2025-09-17 17:56:10","payment_success","2025-10-17T17:56:05.000000+0000"
"28623","2025-09-17 19:36:54","payment_success","2024-04-20T15:09:10.000000+0000"
"28623","2025-09-17 19:37:31","payment_success","2024-04-20T15:09:10.000000+0000"
"150162","2025-09-17 19:45:20","payment_success",\N
"150175","2025-09-17 21:52:39","payment_success","2025-10-17T21:52:29.000000+0000"
"141533","2025-09-17 23:35:29","payment_success","null"
"134484","2025-09-17 23:37:59","payment_success","2025-12-23T19:41:35.000000+0000"
"134484","2025-09-17 23:37:59","payment_success","2025-12-23T19:41:35.000000+0000"
"19811","2025-09-18 02:33:30","payment_success","2026-06-28T15:36:53.000000+0000"
"129343","2025-09-18 04:17:39","payment_success","2025-12-13T07:58:34.000000+0000"
"149025","2025-09-18 10:05:55","payment_success",\N
"150241","2025-09-18 12:01:17","payment_success",\N
"145395","2025-09-18 13:17:01","payment_success","2025-12-18T14:16:44.000000+0000"
"150250","2025-09-18 13:44:51","payment_success",\N
"72488","2025-09-18 13:46:01","payment_success",\N
"53562","2025-09-18 16:04:14","payment_success","2025-12-13T19:37:28.000000+0000"
"150313","2025-09-19 05:01:02","payment_success","2025-09-22T05:00:58.000000+0000"
"150313","2025-09-19 05:03:11","payment_success","2025-09-22T05:00:58.000000+0000"
"150207","2025-09-19 05:29:24","payment_success",\N
"33808","2025-09-19 06:21:20","payment_success",\N
"150087","2025-09-19 06:52:28","payment_success",\N
"150355","2025-09-19 10:52:36","payment_success","2025-11-22T11:52:27.000000+0000"
"149025","2025-09-19 11:10:45","payment_success",\N
"133133","2025-09-19 13:00:16","payment_success","2025-10-19T13:00:31.000000+0000"
"133133","2025-09-19 13:00:38","payment_success","2025-10-19T13:00:31.000000+0000"
"52218","2025-09-19 13:21:27","payment_success","2024-10-29T23:59:59.999999+0000"
"52218","2025-09-19 13:21:52","payment_success","2024-10-29T23:59:59.999999+0000"
"150414","2025-09-19 18:52:41","payment_success",\N
"58429","2025-09-19 19:56:35","payment_success","2024-01-26T03:06:30.000000+0000"
"150058","2025-09-19 20:31:52","payment_success","2026-09-19T20:38:56.000000+0000"
"150058","2025-09-19 20:39:06","payment_success","2026-09-19T20:38:56.000000+0000"
"150451","2025-09-20 05:22:49","payment_success","null"
"49765","2025-09-20 07:38:11","payment_success","2026-08-14T08:50:23.000000+0000"
"34856","2025-09-20 08:33:03","payment_success","2026-05-28T16:32:55.000000+0000"
"34856","2025-09-20 08:33:46","payment_success","2026-05-28T16:32:55.000000+0000"
"34856","2025-09-20 08:37:04","payment_success","2026-05-28T16:32:55.000000+0000"
"34856","2025-09-20 08:37:20","payment_success","2026-05-28T16:32:55.000000+0000"
"150218","2025-09-20 10:24:06","payment_success","2025-10-23T10:26:35.000000+0000"
"150218","2025-09-20 10:24:28","payment_success","2025-10-23T10:26:35.000000+0000"
"150218","2025-09-20 10:25:58","payment_success","2025-10-23T10:26:35.000000+0000"
"150218","2025-09-20 10:27:17","payment_success","2025-10-23T10:26:35.000000+0000"
"141453","2025-09-20 12:37:39","payment_success",\N
"6232","2025-09-20 17:50:32","payment_success","2024-01-16T14:40:10.000000+0000"
"39336","2025-09-20 18:26:31","payment_success","2025-12-04T22:38:47.000000+0000"
"141807","2025-09-20 20:30:57","payment_success",\N
"6132","2025-09-21 08:46:44","payment_success",\N
"11113","2025-09-21 09:26:27","payment_success","2024-06-18T19:48:21.000000+0000"
"35517","2025-09-21 09:52:52","payment_success","2025-12-24T10:52:46.000000+0000"
"150568","2025-09-21 11:06:24","payment_success","2025-09-24T11:08:39.000000+0000"
"150568","2025-09-21 11:08:44","payment_success","2025-09-24T11:08:39.000000+0000"
"22054","2025-09-21 11:33:50","payment_success","2026-09-21T11:36:44.000000+0000"
"22054","2025-09-21 11:36:51","payment_success","2026-09-21T11:36:44.000000+0000"
"146554","2025-09-21 11:57:49","payment_success",\N
"18668","2025-09-21 12:06:33","payment_success","2026-09-21T12:06:24.000000+0000"
"150571","2025-09-21 12:22:27","payment_success","2025-11-30T19:31:56.000000+0000"
"150554","2025-09-21 15:05:59","payment_success","2025-10-13T07:09:16.000000+0000"
"150554","2025-09-21 15:05:59","payment_success","2025-10-13T07:09:16.000000+0000"
"49347","2025-09-21 15:10:44","payment_success","2026-01-09T21:21:53.000000+0000"
"146061","2025-09-21 16:56:59","payment_success","2025-12-24T17:56:54.000000+0000"
"146061","2025-09-21 16:56:59","payment_success",\N
"54604","2025-09-21 18:06:24","payment_success","2025-11-21T19:06:46.000000+0000"
"54604","2025-09-21 18:06:52","payment_success","2025-11-21T19:06:46.000000+0000"
"6584","2025-09-21 20:00:21","payment_success","2025-01-28T10:10:53.000000+0000"
"61330","2025-09-21 20:32:06","payment_success",\N
"150557","2025-09-21 21:01:05","payment_success",\N
"150623","2025-09-21 21:42:20","payment_success",\N
"61434","2025-09-22 00:15:37","payment_success","2025-12-03T04:47:45.000000+0000"
"61434","2025-09-22 00:17:31","payment_success","2025-12-03T04:47:45.000000+0000"
"61434","2025-09-22 00:17:53","payment_success","2025-12-03T04:47:45.000000+0000"
"137819","2025-09-22 03:04:03","payment_success","2026-01-07T12:12:06.000000+0000"
"137819","2025-09-22 03:07:35","payment_success","2026-01-07T12:12:06.000000+0000"
"137819","2025-09-22 03:07:59","payment_success","2026-01-07T12:12:06.000000+0000"
"137819","2025-09-22 03:08:24","payment_success","2026-01-07T12:12:06.000000+0000"
"137819","2025-09-22 03:09:54","payment_success","2026-01-07T12:12:06.000000+0000"
"137819","2025-09-22 03:12:21","payment_success","2026-01-07T12:12:06.000000+0000"
"137819","2025-09-22 03:15:48","payment_success","2026-01-07T12:12:06.000000+0000"
"141292","2025-09-22 04:27:35","payment_success","2026-09-22T04:30:40.025000+0000"
"141292","2025-09-22 04:30:54","payment_success","2026-09-22T04:30:40.025000+0000"
"141292","2025-09-22 04:32:31","payment_success","2026-09-22T04:30:40.025000+0000"
"141292","2025-09-22 04:54:13","payment_success","2026-09-22T04:30:40.025000+0000"
"74911","2025-09-22 08:06:35","payment_success","2025-12-30T18:21:14.000000+0000"
"61434","2025-09-22 08:08:54","payment_success","2025-12-03T04:47:45.000000+0000"
"61434","2025-09-22 08:14:12","payment_success","2025-12-03T04:47:45.000000+0000"
"56577","2025-09-22 11:19:16","payment_success",\N
"146629","2025-09-22 12:08:34","payment_success","2025-12-30T22:01:03.000000+0000"
"146629","2025-09-22 12:08:34","payment_success","2025-10-22T12:10:52.000000+0000"
"146629","2025-09-22 12:10:58","payment_success","2025-12-30T22:01:03.000000+0000"
"146629","2025-09-22 12:10:58","payment_success","2025-10-22T12:10:52.000000+0000"
"150690","2025-09-22 12:43:25","payment_success",\N
"149464","2025-09-22 13:41:00","payment_success","2026-09-10T14:10:21.000000+0000"
"149464","2025-09-22 13:42:39","payment_success","2026-09-10T14:10:21.000000+0000"
"150701","2025-09-22 15:30:05","payment_success",\N
"31560","2025-09-23 05:32:16","payment_success","2025-07-12T19:06:42.000000+0000"
"31560","2025-09-23 05:33:59","payment_success","2025-07-12T19:06:42.000000+0000"
"6203","2025-09-23 06:23:36","payment_success","2023-02-16T07:17:23.000000+0000"
"6203","2025-09-23 06:23:36","payment_success","2023-02-16T07:17:23.000000+0000"
"289","2025-09-23 07:35:03","payment_success","2023-04-23T23:59:59.999999+0000"
"150769","2025-09-23 11:25:31","payment_success","null"
"150773","2025-09-23 11:45:10","payment_success",\N
"150773","2025-09-23 11:57:10","payment_success",\N
"26579","2025-09-23 12:43:07","payment_success",\N
"150789","2025-09-23 12:58:41","payment_success",\N
"150840","2025-09-24 08:20:23","payment_success",\N
"150841","2025-09-24 08:36:52","payment_success",\N
"140073","2025-09-24 09:39:48","payment_success","2026-09-24T09:42:52.000000+0000"
"140073","2025-09-24 09:43:00","payment_success","2026-09-24T09:42:52.000000+0000"
"150848","2025-09-24 10:01:00","payment_success","2025-11-17T18:16:41.000000+0000"
"150848","2025-09-24 10:03:38","payment_success","2025-11-17T18:16:41.000000+0000"
"142225","2025-09-24 11:25:48","payment_success",\N
"150854","2025-09-24 12:06:13","payment_success",\N
"25397","2025-09-24 16:02:00","payment_success","2025-12-16T05:37:28.000000+0000"
"25397","2025-09-24 16:02:00","payment_success","2025-12-16T05:37:28.000000+0000"
"27031","2025-09-24 17:59:38","payment_success","2026-09-10T18:55:03.000000+0000"
"27031","2025-09-24 17:59:38","payment_success","2026-09-10T18:55:03.000000+0000"
"149939","2025-09-24 18:55:20","payment_success",\N
"71519","2025-09-24 21:15:46","payment_success","2026-01-04T17:59:54.000000+0000"
"71519","2025-09-24 21:20:25","payment_success","2026-01-04T17:59:54.000000+0000"
"7878","2025-09-24 22:14:46","payment_success","2026-09-24T22:14:39.000000+0000"
"147022","2025-09-25 02:50:40","payment_success",\N
"150557","2025-09-25 08:04:33","payment_success",\N
"150881","2025-09-25 08:28:04","payment_success","null"
"150884","2025-09-25 08:40:17","payment_success",\N
"150881","2025-09-25 10:27:34","payment_success","null"
"10476","2025-09-25 13:21:15","payment_success",\N
"150886","2025-09-25 14:27:51","payment_success",\N
"150903","2025-09-25 16:41:17","payment_success",\N
"60960","2025-09-25 20:52:17","payment_success","2024-05-07T09:15:44.000000+0000"
"60960","2025-09-25 20:52:17","payment_success","2024-05-07T09:15:44.000000+0000"
"150921","2025-09-26 06:28:59","payment_success",\N
"55490","2025-09-26 11:13:40","payment_success","2024-03-17T19:34:44.000000+0000"
"55490","2025-09-26 11:14:24","payment_success","2024-03-17T19:34:44.000000+0000"
"147352","2025-09-27 05:03:35","payment_success","2025-11-01T09:49:10.000000+0000"
"49920","2025-09-27 05:05:25","payment_success","2025-12-27T06:48:09.000000+0000"
"49920","2025-09-27 05:06:34","payment_success","2025-12-27T06:48:09.000000+0000"
"147352","2025-09-27 05:47:08","payment_success","2025-11-01T09:49:10.000000+0000"
"150979","2025-09-27 06:56:14","payment_success",\N
"151010","2025-09-27 20:37:37","payment_success",\N
"136396","2025-09-27 23:42:12","payment_success","2025-01-10T18:32:50.000000+0000"
"151025","2025-09-28 01:03:03","payment_success",\N
"53552","2025-09-28 05:06:18","payment_success","2024-04-15T11:39:13.000000+0000"
"53552","2025-09-28 05:06:18","payment_success","2024-04-15T11:39:13.000000+0000"
"150554","2025-09-28 08:36:41","payment_success","2025-10-13T07:09:16.000000+0000"
"150554","2025-09-28 08:36:41","payment_success","2025-10-13T07:09:16.000000+0000"
"150554","2025-09-28 08:37:22","payment_success","2025-10-13T07:09:16.000000+0000"
"150554","2025-09-28 08:37:22","payment_success","2025-10-13T07:09:16.000000+0000"
"150554","2025-09-28 08:42:28","payment_success","2025-10-13T07:09:16.000000+0000"
"150554","2025-09-28 08:42:28","payment_success","2025-10-13T07:09:16.000000+0000"
"151041","2025-09-28 09:12:14","payment_success",\N
"137921","2025-09-28 13:55:14","payment_success","2025-12-30T05:56:37.000000+0000"
"151068","2025-09-28 15:58:06","payment_success",\N
"151076","2025-09-28 17:21:30","payment_success",\N
"151086","2025-09-28 20:30:41","payment_success","2024-09-29T11:55:27.000000+0000"
"151086","2025-09-28 20:31:53","payment_success","2024-09-29T11:55:27.000000+0000"
"60330","2025-09-29 00:01:38","payment_success","2025-12-03T16:24:47.099000+0000"
"60330","2025-09-29 00:03:33","payment_success","2025-12-03T16:24:47.099000+0000"
"151138","2025-09-30 01:37:28","payment_success",\N
"151115","2025-09-30 06:09:33","payment_success","null"
"143394","2025-09-30 08:03:12","payment_success","null"
"143394","2025-09-30 08:03:12","payment_success","null"
"65782","2025-09-30 08:27:44","payment_success","2025-02-27T10:30:08.000000+0000"
"65782","2025-09-30 08:28:30","payment_success","2025-02-27T10:30:08.000000+0000"
"4199","2025-09-30 12:59:30","payment_success","2025-04-28T15:34:43.947000+0000"
"75448","2025-09-30 13:51:57","payment_success","2025-12-26T13:38:03.914000+0000"
"75448","2025-09-30 13:53:15","payment_success","2025-12-26T13:38:03.914000+0000"
"75448","2025-09-30 13:55:17","payment_success","2025-12-26T13:38:03.914000+0000"
"6658","2025-09-30 15:46:41","payment_success",\N
"53654","2025-09-30 16:09:43","payment_success","2025-12-27T15:12:38.000000+0000"
"53654","2025-09-30 16:10:04","payment_success","2025-12-27T15:12:38.000000+0000"
"53654","2025-09-30 16:10:34","payment_success","2025-12-27T15:12:38.000000+0000"
"151173","2025-09-30 17:09:12","payment_success",\N
"151173","2025-09-30 17:30:08","payment_success",\N
"151172","2025-09-30 18:49:47","payment_success","2023-11-18T15:05:11.000000+0000"
"54089","2025-09-30 19:27:23","payment_success","2025-03-21T15:04:50.000000+0000"
"19811","2025-09-30 21:19:48","payment_success","2026-06-28T15:36:53.000000+0000"
"6448","2025-09-30 21:22:02","payment_success","2026-01-09T07:23:49.000000+0000"
"139757","2025-10-01 01:30:26","payment_success","2025-01-27T16:28:57.000000+0000"
"73635","2025-10-01 04:19:14","payment_success","2025-12-26T04:21:09.000000+0000"
"73635","2025-10-01 04:19:36","payment_success","2025-12-26T04:21:09.000000+0000"
"59742","2025-10-01 04:35:15","payment_success","2026-01-08T14:55:50.000000+0000"
"59742","2025-10-01 04:58:45","payment_success","2026-01-08T14:55:50.000000+0000"
"129900","2025-10-01 05:53:40","payment_success","2024-02-01T15:24:35.000000+0000"
"151173","2025-10-01 06:14:54","payment_success",\N
"147352","2025-10-01 09:50:11","payment_success","2025-11-01T09:49:10.000000+0000"
"6658","2025-10-01 10:02:06","payment_success",\N
"21576","2025-10-01 11:34:49","payment_success","2025-11-01T11:35:45.000000+0000"
"21576","2025-10-01 11:35:59","payment_success","2025-11-01T11:35:45.000000+0000"
"34470","2025-10-01 14:53:30","payment_success",\N
"151254","2025-10-01 17:14:30","payment_success",\N
"146681","2025-10-01 17:16:43","payment_success",\N
"6448","2025-10-01 17:46:22","payment_success","2026-01-09T07:23:49.000000+0000"
"39336","2025-10-01 18:10:10","payment_success","2025-12-04T22:38:47.000000+0000"
"39336","2025-10-01 18:42:16","payment_success","2025-12-04T22:38:47.000000+0000"
"39336","2025-10-01 18:44:59","payment_success","2025-12-04T22:38:47.000000+0000"
"39336","2025-10-01 18:46:11","payment_success","2025-12-04T22:38:47.000000+0000"
"39336","2025-10-01 18:47:21","payment_success","2025-12-04T22:38:47.000000+0000"
"39336","2025-10-01 18:47:31","payment_success","2025-12-04T22:38:47.000000+0000"
"16517","2025-10-01 19:38:43","payment_success","2025-11-02T06:42:13.000000+0000"
"16517","2025-10-01 19:39:15","payment_success","2025-11-02T06:42:13.000000+0000"
"16517","2025-10-01 19:41:37","payment_success","2025-11-02T06:42:13.000000+0000"
"141533","2025-10-01 23:23:58","payment_success","null"
"141533","2025-10-01 23:24:21","payment_success","null"
"141533","2025-10-01 23:24:47","payment_success","null"
"26793","2025-10-02 04:13:07","payment_success","2026-02-19T01:40:06.000000+0000"
"151293","2025-10-02 04:56:15","payment_success",\N
"16517","2025-10-02 06:42:21","payment_success","2025-11-02T06:42:13.000000+0000"
"55295","2025-10-02 10:05:42","payment_success","2025-05-24T08:23:19.000000+0000"
"55295","2025-10-02 10:19:13","payment_success","2025-05-24T08:23:19.000000+0000"
"151318","2025-10-02 11:02:11","payment_success","2025-10-05T11:02:49.000000+0000"
"137819","2025-10-02 12:01:23","payment_success","2026-01-07T12:12:06.000000+0000"
"36359","2025-10-02 12:48:33","payment_success","2025-12-09T06:17:05.000000+0000"
"36359","2025-10-02 12:48:33","payment_success","2025-10-15T13:15:14.000000+0000"
"36359","2025-10-02 12:49:21","payment_success","2025-12-09T06:17:05.000000+0000"
"36359","2025-10-02 12:49:21","payment_success","2025-10-15T13:15:14.000000+0000"
"24407","2025-10-02 14:01:11","payment_success","2026-01-16T08:54:20.000000+0000"
"6132","2025-10-02 16:08:51","payment_success",\N
"129749","2025-10-02 20:04:15","payment_success","2025-12-13T09:15:59.000000+0000"
"129749","2025-10-02 20:04:15","payment_success","2025-12-10T09:15:59.000000+0000"
"25256","2025-10-02 21:37:15","payment_success","2026-01-04T21:47:33.000000+0000"
"31354","2025-10-02 21:42:20","payment_success","2025-05-28T22:08:10.000000+0000"
"140189","2025-10-03 04:52:50","payment_success","2026-02-09T07:03:34.000000+0000"
"52311","2025-10-03 05:45:59","payment_success","2026-10-03T05:46:40.000000+0000"
"52311","2025-10-03 05:46:53","payment_success","2026-10-03T05:46:40.000000+0000"
"141533","2025-10-03 07:50:45","payment_success","null"
"141533","2025-10-03 07:51:03","payment_success","null"
"141533","2025-10-03 07:51:40","payment_success","null"
"44352","2025-10-03 21:35:19","payment_success","2025-12-02T11:34:19.000000+0000"
"151428","2025-10-03 22:03:38","payment_success",\N
"150596","2025-10-03 22:25:57","payment_success",\N
"58271","2025-10-03 23:40:47","payment_success","2025-12-04T00:42:39.000000+0000"
"58271","2025-10-03 23:42:47","payment_success","2025-12-04T00:42:39.000000+0000"
"74584","2025-10-04 01:59:43","payment_success","2025-10-07T01:59:32.000000+0000"
"49381","2025-10-04 08:37:03","payment_success","2026-01-09T06:40:04.000000+0000"
"151480","2025-10-04 11:58:58","payment_success","2025-12-12T23:59:59.999999+0000"
"151480","2025-10-04 13:06:21","payment_success","2025-12-12T23:59:59.999999+0000"
"151173","2025-10-04 13:26:30","payment_success",\N
"151173","2025-10-04 13:27:32","payment_success",\N
"44808","2025-10-04 16:03:04","payment_success",\N
"151498","2025-10-04 17:54:47","payment_success","2025-11-11T18:08:35.000000+0000"
"151498","2025-10-04 17:57:22","payment_success","2025-11-11T18:08:35.000000+0000"
"151498","2025-10-04 17:57:51","payment_success","2025-11-11T18:08:35.000000+0000"
"20394","2025-10-04 18:19:15","payment_success","2026-01-05T08:01:29.000000+0000"
"6232","2025-10-05 05:58:53","payment_success","2024-01-16T14:40:10.000000+0000"
"151535","2025-10-05 09:25:40","payment_success",\N
"151563","2025-10-05 16:55:26","payment_success",\N
"129269","2025-10-05 17:12:39","payment_success","2025-11-05T18:22:55.000000+0000"
"129269","2025-10-05 17:23:06","payment_success","2025-11-05T18:22:55.000000+0000"
"56119","2025-10-05 20:32:22","payment_success",\N
"23998","2025-10-07 00:11:46","payment_success","2025-12-10T01:11:41.000000+0000"
"23998","2025-10-07 00:12:19","payment_success","2025-12-10T01:11:41.000000+0000"
"52089","2025-10-10 00:19:37","payment_success",\N
"23760","2025-10-10 10:09:55","payment_success","2026-04-23T18:35:46.000000+0000"
"134659","2025-10-12 21:08:20","payment_success","2025-11-12T22:08:42.000000+0000"
"134659","2025-10-12 21:08:20","payment_success","2025-11-12T22:08:42.000000+0000"
"134659","2025-10-12 21:08:50","payment_success","2025-11-12T22:08:42.000000+0000"
"134659","2025-10-12 21:08:50","payment_success","2025-11-12T22:08:42.000000+0000"
"127868","2025-10-13 15:05:46","payment_success","2025-12-18T08:03:05.000000+0000"
"127868","2025-10-13 15:05:46","payment_success","2025-12-18T08:03:05.000000+0000"
"143222","2025-10-14 21:42:10","payment_success","2025-12-16T00:11:22.000000+0000"
"143222","2025-10-14 21:44:50","payment_success","2025-12-16T00:11:22.000000+0000"
"143222","2025-10-15 23:06:57","payment_success","2025-12-16T00:11:22.000000+0000"
"143222","2025-10-15 23:10:13","payment_success","2025-12-16T00:11:22.000000+0000"
"143222","2025-10-15 23:11:41","payment_success","2025-12-16T00:11:22.000000+0000"
"151427","2025-10-20 05:09:10","payment_success","2025-12-05T06:03:27.000000+0000"
"41388","2025-10-23 08:39:06","payment_success","2026-10-23T08:46:19.000000+0000"
"41388","2025-10-23 08:43:49","payment_success","2026-10-23T08:46:19.000000+0000"
"41388","2025-10-23 08:45:48","payment_success","2026-10-23T08:46:19.000000+0000"
"41388","2025-10-23 08:46:28","payment_success","2026-10-23T08:46:19.000000+0000"
"41409","2025-10-26 10:15:30","payment_success",\N
"Guest","2025-11-17 05:58:40","payment_success","2022-12-19T23:59:59.999999+0000"
"Guest","2025-11-17 05:58:40","payment_success",\N
"Guest","2025-11-17 05:58:40","payment_success",\N
"Guest","2025-11-17 05:58:40","payment_success",\N
"Guest","2025-11-17 05:58:40","payment_success",\N
"user-id","2025-11-26 10:10:59","payment_success","2022-12-19T23:59:59.999999+0000"
"user-id","2025-11-26 10:10:59","payment_success",\N
"user-id","2025-11-26 10:10:59","payment_success",\N
"user-id","2025-11-26 10:10:59","payment_success",\N
"user-id","2025-11-26 10:10:59","payment_success",\N
"user-id","2025-11-26 10:11:31","payment_success","2022-12-19T23:59:59.999999+0000"
"user-id","2025-11-26 10:11:31","payment_success",\N
"user-id","2025-11-26 10:11:31","payment_success",\N
"user-id","2025-11-26 10:11:31","payment_success",\N
"user-id","2025-11-26 10:11:31","payment_success",\N
